akama@nixos ~/Documents/zk-ban/bench bench/v0.0.2.1 @ go run ./storage/scale/main.go
search key at ./update_verifier-nym-increase-uniform--30000.meta.json
compile skip
{"env":{"default":{"alpha":1,"baseNymNum":30000,"basePeriodNum":30,"beta":3}},"nym-increase-uniform":{"cs":{"30000":12727422},"pk":{"30000":91653053},"vk":{"30000":2884428}}}
search key at ./update_verifier-nym-increase-uniform--60000.meta.json
compile skip
{"env":{"default":{"alpha":1,"baseNymNum":30000,"basePeriodNum":30,"beta":3}},"nym-increase-uniform":{"cs":{"30000":12727422,"60000":18085970},"pk":{"30000":91653053,"60000":154618877},"vk":{"30000":2884428,"60000
":5764428}}}
search key at ./update_verifier-nym-increase-uniform--90000.meta.json
compile skip
{"env":{"default":{"alpha":1,"baseNymNum":30000,"basePeriodNum":30,"beta":3}},"nym-increase-uniform":{"cs":{"30000":12727422,"60000":18085970,"90000":23439747},"pk":{"30000":91653053,"60000":154618877,"90000":1924
18877},"vk":{"30000":2884428,"60000":5764428,"90000":8644428}}}
search key at ./update_verifier-nym-increase-uniform--120000.meta.json
compile skip
{"env":{"default":{"alpha":1,"baseNymNum":30000,"basePeriodNum":30,"beta":3}},"nym-increase-uniform":{"cs":{"120000":28798284,"30000":12727422,"60000":18085970,"90000":23439747},"pk":{"120000":280550525,"30000":91
653053,"60000":154618877,"90000":192418877},"vk":{"120000":11524428,"30000":2884428,"60000":5764428,"90000":8644428}}}
search key at ./update_verifier-nym-increase-uniform--150000.meta.json
compile skip
{"env":{"default":{"alpha":1,"baseNymNum":30000,"basePeriodNum":30,"beta":3}},"nym-increase-uniform":{"cs":{"120000":28798284,"150000":34151725,"30000":12727422,"60000":18085970,"90000":23439747},"pk":{"120000":28
0550525,"150000":318350525,"30000":91653053,"60000":154618877,"90000":192418877},"vk":{"120000":11524428,"150000":14404428,"30000":2884428,"60000":5764428,"90000":8644428}}}
search key at ./update_verifier-nym-increase-uniform--180000.meta.json
compile skip
{"env":{"default":{"alpha":1,"baseNymNum":30000,"basePeriodNum":30,"beta":3}},"nym-increase-uniform":{"cs":{"120000":28798284,"150000":34151725,"180000":39505042,"30000":12727422,"60000":18085970,"90000":23439747}
,"pk":{"120000":280550525,"150000":318350525,"180000":356150525,"30000":91653053,"60000":154618877,"90000":192418877},"vk":{"120000":11524428,"150000":14404428,"180000":17284428,"30000":2884428,"60000":5764428,"90
000":8644428}}}
search key at ./update_verifier-nym-increase-uniform--210000.meta.json
compile skip
{"env":{"default":{"alpha":1,"baseNymNum":30000,"basePeriodNum":30,"beta":3}},"nym-increase-uniform":{"cs":{"120000":28798284,"150000":34151725,"180000":39505042,"210000":44858406,"30000":12727422,"60000":18085970
,"90000":23439747},"pk":{"120000":280550525,"150000":318350525,"180000":356150525,"210000":494613821,"30000":91653053,"60000":154618877,"90000":192418877},"vk":{"120000":11524428,"150000":14404428,"180000":1728442
8,"210000":20164428,"30000":2884428,"60000":5764428,"90000":8644428}}}
search key at ./update_verifier-nym-increase-uniform--240000.meta.json
compile skip
{"env":{"default":{"alpha":1,"baseNymNum":30000,"basePeriodNum":30,"beta":3}},"nym-increase-uniform":{"cs":{"120000":28798284,"150000":34151725,"180000":39505042,"210000":44858406,"240000":50218322,"30000":1272742
2,"60000":18085970,"90000":23439747},"pk":{"120000":280550525,"150000":318350525,"180000":356150525,"210000":494613821,"240000":532413821,"30000":91653053,"60000":154618877,"90000":192418877},"vk":{"120000":115244
28,"150000":14404428,"180000":17284428,"210000":20164428,"240000":23044428,"30000":2884428,"60000":5764428,"90000":8644428}}}
search key at ./update_verifier-nym-increase-uniform--270000.meta.json
compile skip
{"env":{"default":{"alpha":1,"baseNymNum":30000,"basePeriodNum":30,"beta":3}},"nym-increase-uniform":{"cs":{"120000":28798284,"150000":34151725,"180000":39505042,"210000":44858406,"240000":50218322,"270000":555718
39,"30000":12727422,"60000":18085970,"90000":23439747},"pk":{"120000":280550525,"150000":318350525,"180000":356150525,"210000":494613821,"240000":532413821,"270000":570213821,"30000":91653053,"60000":154618877,"90
000":192418877},"vk":{"120000":11524428,"150000":14404428,"180000":17284428,"210000":20164428,"240000":23044428,"270000":25924428,"30000":2884428,"60000":5764428,"90000":8644428}}}
search key at ./update_verifier-nym-increase-uniform--300000.meta.json
compile skip
{"env":{"default":{"alpha":1,"baseNymNum":30000,"basePeriodNum":30,"beta":3}},"nym-increase-uniform":{"cs":{"120000":28798284,"150000":34151725,"180000":39505042,"210000":44858406,"240000":50218322,"270000":555718
39,"30000":12727422,"300000":60925167,"60000":18085970,"90000":23439747},"pk":{"120000":280550525,"150000":318350525,"180000":356150525,"210000":494613821,"240000":532413821,"270000":570213821,"30000":91653053,"30
0000":608013821,"60000":154618877,"90000":192418877},"vk":{"120000":11524428,"150000":14404428,"180000":17284428,"210000":20164428,"240000":23044428,"270000":25924428,"30000":2884428,"300000":28804428,"60000":5764
428,"90000":8644428}}}
search key at ./update_verifier-nym-increase-proportional--30000.meta.json
compile skip
{"env":{"default":{"alpha":1,"baseNymNum":30000,"basePeriodNum":30,"beta":3}},"nym-increase-proportional":{"cs":{"30000":12742254},"pk":{"30000":91653053},"vk":{"30000":2884428}},"nym-increase-uniform":{"cs":{"120
000":28798284,"150000":34151725,"180000":39505042,"210000":44858406,"240000":50218322,"270000":55571839,"30000":12727422,"300000":60925167,"60000":18085970,"90000":23439747},"pk":{"120000":280550525,"150000":31835
0525,"180000":356150525,"210000":494613821,"240000":532413821,"270000":570213821,"30000":91653053,"300000":608013821,"60000":154618877,"90000":192418877},"vk":{"120000":11524428,"150000":14404428,"180000":17284428
,"210000":20164428,"240000":23044428,"270000":25924428,"30000":2884428,"300000":28804428,"60000":5764428,"90000":8644428}}}
search key at ./update_verifier-nym-increase-proportional--60000.meta.json
compile skip
{"env":{"default":{"alpha":1,"baseNymNum":30000,"basePeriodNum":30,"beta":3}},"nym-increase-proportional":{"cs":{"30000":12742254,"60000":18101052},"pk":{"30000":91653053,"60000":154618877},"vk":{"30000":2884428,"
60000":5764428}},"nym-increase-uniform":{"cs":{"120000":28798284,"150000":34151725,"180000":39505042,"210000":44858406,"240000":50218322,"270000":55571839,"30000":12727422,"300000":60925167,"60000":18085970,"90000
":23439747},"pk":{"120000":280550525,"150000":318350525,"180000":356150525,"210000":494613821,"240000":532413821,"270000":570213821,"30000":91653053,"300000":608013821,"60000":154618877,"90000":192418877},"vk":{"1
20000":11524428,"150000":14404428,"180000":17284428,"210000":20164428,"240000":23044428,"270000":25924428,"30000":2884428,"300000":28804428,"60000":5764428,"90000":8644428}}}
search key at ./update_verifier-nym-increase-proportional--90000.meta.json
compile skip
{"env":{"default":{"alpha":1,"baseNymNum":30000,"basePeriodNum":30,"beta":3}},"nym-increase-proportional":{"cs":{"30000":12742254,"60000":18101052,"90000":23464293},"pk":{"30000":91653053,"60000":154618877,"90000"
:192418877},"vk":{"30000":2884428,"60000":5764428,"90000":8644428}},"nym-increase-uniform":{"cs":{"120000":28798284,"150000":34151725,"180000":39505042,"210000":44858406,"240000":50218322,"270000":55571839,"30000"
:12727422,"300000":60925167,"60000":18085970,"90000":23439747},"pk":{"120000":280550525,"150000":318350525,"180000":356150525,"210000":494613821,"240000":532413821,"270000":570213821,"30000":91653053,"300000":6080
13821,"60000":154618877,"90000":192418877},"vk":{"120000":11524428,"150000":14404428,"180000":17284428,"210000":20164428,"240000":23044428,"270000":25924428,"30000":2884428,"300000":28804428,"60000":5764428,"90000
":8644428}}}
search key at ./update_verifier-nym-increase-proportional--120000.meta.json
compile skip
{"env":{"default":{"alpha":1,"baseNymNum":30000,"basePeriodNum":30,"beta":3}},"nym-increase-proportional":{"cs":{"120000":28824802,"30000":12742254,"60000":18101052,"90000":23464293},"pk":{"120000":280550525,"3000
0":91653053,"60000":154618877,"90000":192418877},"vk":{"120000":11524428,"30000":2884428,"60000":5764428,"90000":8644428}},"nym-increase-uniform":{"cs":{"120000":28798284,"150000":34151725,"180000":39505042,"21000
0":44858406,"240000":50218322,"270000":55571839,"30000":12727422,"300000":60925167,"60000":18085970,"90000":23439747},"pk":{"120000":280550525,"150000":318350525,"180000":356150525,"210000":494613821,"240000":5324
13821,"270000":570213821,"30000":91653053,"300000":608013821,"60000":154618877,"90000":192418877},"vk":{"120000":11524428,"150000":14404428,"180000":17284428,"210000":20164428,"240000":23044428,"270000":25924428,"
30000":2884428,"300000":28804428,"60000":5764428,"90000":8644428}}}
search key at ./update_verifier-nym-increase-proportional--150000.meta.json
compile skip
{"env":{"default":{"alpha":1,"baseNymNum":30000,"basePeriodNum":30,"beta":3}},"nym-increase-proportional":{"cs":{"120000":28824802,"150000":34187261,"30000":12742254,"60000":18101052,"90000":23464293},"pk":{"12000
0":280550525,"150000":318350525,"30000":91653053,"60000":154618877,"90000":192418877},"vk":{"120000":11524428,"150000":14404428,"30000":2884428,"60000":5764428,"90000":8644428}},"nym-increase-uniform":{"cs":{"1200
00":28798284,"150000":34151725,"180000":39505042,"210000":44858406,"240000":50218322,"270000":55571839,"30000":12727422,"300000":60925167,"60000":18085970,"90000":23439747},"pk":{"120000":280550525,"150000":318350
525,"180000":356150525,"210000":494613821,"240000":532413821,"270000":570213821,"30000":91653053,"300000":608013821,"60000":154618877,"90000":192418877},"vk":{"120000":11524428,"150000":14404428,"180000":17284428,
"210000":20164428,"240000":23044428,"270000":25924428,"30000":2884428,"300000":28804428,"60000":5764428,"90000":8644428}}}
search key at ./update_verifier-nym-increase-proportional--180000.meta.json
compile skip
{"env":{"default":{"alpha":1,"baseNymNum":30000,"basePeriodNum":30,"beta":3}},"nym-increase-proportional":{"cs":{"120000":28824802,"150000":34187261,"180000":39552525,"30000":12742254,"60000":18101052,"90000":2346
4293},"pk":{"120000":280550525,"150000":318350525,"180000":356150525,"30000":91653053,"60000":154618877,"90000":192418877},"vk":{"120000":11524428,"150000":14404428,"180000":17284428,"30000":2884428,"60000":576442
8,"90000":8644428}},"nym-increase-uniform":{"cs":{"120000":28798284,"150000":34151725,"180000":39505042,"210000":44858406,"240000":50218322,"270000":55571839,"30000":12727422,"300000":60925167,"60000":18085970,"90
000":23439747},"pk":{"120000":280550525,"150000":318350525,"180000":356150525,"210000":494613821,"240000":532413821,"270000":570213821,"30000":91653053,"300000":608013821,"60000":154618877,"90000":192418877},"vk":
{"120000":11524428,"150000":14404428,"180000":17284428,"210000":20164428,"240000":23044428,"270000":25924428,"30000":2884428,"300000":28804428,"60000":5764428,"90000":8644428}}}
search key at ./update_verifier-nym-increase-proportional--210000.meta.json
compile skip
{"env":{"default":{"alpha":1,"baseNymNum":30000,"basePeriodNum":30,"beta":3}},"nym-increase-proportional":{"cs":{"120000":28824802,"150000":34187261,"180000":39552525,"210000":44926029,"30000":12742254,"60000":181
01052,"90000":23464293},"pk":{"120000":280550525,"150000":318350525,"180000":356150525,"210000":494613821,"30000":91653053,"60000":154618877,"90000":192418877},"vk":{"120000":11524428,"150000":14404428,"180000":17
284428,"210000":20164428,"30000":2884428,"60000":5764428,"90000":8644428}},"nym-increase-uniform":{"cs":{"120000":28798284,"150000":34151725,"180000":39505042,"210000":44858406,"240000":50218322,"270000":55571839,
"30000":12727422,"300000":60925167,"60000":18085970,"90000":23439747},"pk":{"120000":280550525,"150000":318350525,"180000":356150525,"210000":494613821,"240000":532413821,"270000":570213821,"30000":91653053,"30000
0":608013821,"60000":154618877,"90000":192418877},"vk":{"120000":11524428,"150000":14404428,"180000":17284428,"210000":20164428,"240000":23044428,"270000":25924428,"30000":2884428,"300000":28804428,"60000":5764428
,"90000":8644428}}}
search key at ./update_verifier-nym-increase-proportional--240000.meta.json
compile skip
{"env":{"default":{"alpha":1,"baseNymNum":30000,"basePeriodNum":30,"beta":3}},"nym-increase-proportional":{"cs":{"120000":28824802,"150000":34187261,"180000":39552525,"210000":44926029,"240000":50302888,"30000":12
742254,"60000":18101052,"90000":23464293},"pk":{"120000":280550525,"150000":318350525,"180000":356150525,"210000":494613821,"240000":532413821,"30000":91653053,"60000":154618877,"90000":192418877},"vk":{"120000":1
1524428,"150000":14404428,"180000":17284428,"210000":20164428,"240000":23044428,"30000":2884428,"60000":5764428,"90000":8644428}},"nym-increase-uniform":{"cs":{"120000":28798284,"150000":34151725,"180000":39505042
,"210000":44858406,"240000":50218322,"270000":55571839,"30000":12727422,"300000":60925167,"60000":18085970,"90000":23439747},"pk":{"120000":280550525,"150000":318350525,"180000":356150525,"210000":494613821,"24000
0":532413821,"270000":570213821,"30000":91653053,"300000":608013821,"60000":154618877,"90000":192418877},"vk":{"120000":11524428,"150000":14404428,"180000":17284428,"210000":20164428,"240000":23044428,"270000":259
24428,"30000":2884428,"300000":28804428,"60000":5764428,"90000":8644428}}}
search key at ./update_verifier-nym-increase-proportional--270000.meta.json
compile skip
{"env":{"default":{"alpha":1,"baseNymNum":30000,"basePeriodNum":30,"beta":3}},"nym-increase-proportional":{"cs":{"120000":28824802,"150000":34187261,"180000":39552525,"210000":44926029,"240000":50302888,"270000":5
5687278,"30000":12742254,"60000":18101052,"90000":23464293},"pk":{"120000":280550525,"150000":318350525,"180000":356150525,"210000":494613821,"240000":532413821,"270000":570213821,"30000":91653053,"60000":15461887
7,"90000":192418877},"vk":{"120000":11524428,"150000":14404428,"180000":17284428,"210000":20164428,"240000":23044428,"270000":25924428,"30000":2884428,"60000":5764428,"90000":8644428}},"nym-increase-uniform":{"cs"
:{"120000":28798284,"150000":34151725,"180000":39505042,"210000":44858406,"240000":50218322,"270000":55571839,"30000":12727422,"300000":60925167,"60000":18085970,"90000":23439747},"pk":{"120000":280550525,"150000"
:318350525,"180000":356150525,"210000":494613821,"240000":532413821,"270000":570213821,"30000":91653053,"300000":608013821,"60000":154618877,"90000":192418877},"vk":{"120000":11524428,"150000":14404428,"180000":17
284428,"210000":20164428,"240000":23044428,"270000":25924428,"30000":2884428,"300000":28804428,"60000":5764428,"90000":8644428}}}
search key at ./update_verifier-nym-increase-proportional--300000.meta.json
compile skip
{"env":{"default":{"alpha":1,"baseNymNum":30000,"basePeriodNum":30,"beta":3}},"nym-increase-proportional":{"cs":{"120000":28824802,"150000":34187261,"180000":39552525,"210000":44926029,"240000":50302888,"270000":5
5687278,"30000":12742254,"300000":61074760,"60000":18101052,"90000":23464293},"pk":{"120000":280550525,"150000":318350525,"180000":356150525,"210000":494613821,"240000":532413821,"270000":570213821,"30000":9165305
3,"300000":608013821,"60000":154618877,"90000":192418877},"vk":{"120000":11524428,"150000":14404428,"180000":17284428,"210000":20164428,"240000":23044428,"270000":25924428,"30000":2884428,"300000":28804428,"60000"
:5764428,"90000":8644428}},"nym-increase-uniform":{"cs":{"120000":28798284,"150000":34151725,"180000":39505042,"210000":44858406,"240000":50218322,"270000":55571839,"30000":12727422,"300000":60925167,"60000":18085
970,"90000":23439747},"pk":{"120000":280550525,"150000":318350525,"180000":356150525,"210000":494613821,"240000":532413821,"270000":570213821,"30000":91653053,"300000":608013821,"60000":154618877,"90000":192418877
},"vk":{"120000":11524428,"150000":14404428,"180000":17284428,"210000":20164428,"240000":23044428,"270000":25924428,"30000":2884428,"300000":28804428,"60000":5764428,"90000":8644428}}}
search key at ./update_verifier-nym-increase-gaussian--30000.meta.json
compile skip
{"env":{"default":{"alpha":1,"baseNymNum":30000,"basePeriodNum":30,"beta":3}},"nym-increase-gaussian":{"cs":{"30000":12750843},"pk":{"30000":91653053},"vk":{"30000":2884428}},"nym-increase-proportional":{"cs":{"12
0000":28824802,"150000":34187261,"180000":39552525,"210000":44926029,"240000":50302888,"270000":55687278,"30000":12742254,"300000":61074760,"60000":18101052,"90000":23464293},"pk":{"120000":280550525,"150000":3183
50525,"180000":356150525,"210000":494613821,"240000":532413821,"270000":570213821,"30000":91653053,"300000":608013821,"60000":154618877,"90000":192418877},"vk":{"120000":11524428,"150000":14404428,"180000":1728442
8,"210000":20164428,"240000":23044428,"270000":25924428,"30000":2884428,"300000":28804428,"60000":5764428,"90000":8644428}},"nym-increase-uniform":{"cs":{"120000":28798284,"150000":34151725,"180000":39505042,"2100
00":44858406,"240000":50218322,"270000":55571839,"30000":12727422,"300000":60925167,"60000":18085970,"90000":23439747},"pk":{"120000":280550525,"150000":318350525,"180000":356150525,"210000":494613821,"240000":532
413821,"270000":570213821,"30000":91653053,"300000":608013821,"60000":154618877,"90000":192418877},"vk":{"120000":11524428,"150000":14404428,"180000":17284428,"210000":20164428,"240000":23044428,"270000":25924428,
"30000":2884428,"300000":28804428,"60000":5764428,"90000":8644428}}}
search key at ./update_verifier-nym-increase-gaussian--60000.meta.json
compile skip
{"env":{"default":{"alpha":1,"baseNymNum":30000,"basePeriodNum":30,"beta":3}},"nym-increase-gaussian":{"cs":{"30000":12750843,"60000":18115323},"pk":{"30000":91653053,"60000":154618877},"vk":{"30000":2884428,"6000
0":5764428}},"nym-increase-proportional":{"cs":{"120000":28824802,"150000":34187261,"180000":39552525,"210000":44926029,"240000":50302888,"270000":55687278,"30000":12742254,"300000":61074760,"60000":18101052,"9000
0":23464293},"pk":{"120000":280550525,"150000":318350525,"180000":356150525,"210000":494613821,"240000":532413821,"270000":570213821,"30000":91653053,"300000":608013821,"60000":154618877,"90000":192418877},"vk":{"
120000":11524428,"150000":14404428,"180000":17284428,"210000":20164428,"240000":23044428,"270000":25924428,"30000":2884428,"300000":28804428,"60000":5764428,"90000":8644428}},"nym-increase-uniform":{"cs":{"120000"
:28798284,"150000":34151725,"180000":39505042,"210000":44858406,"240000":50218322,"270000":55571839,"30000":12727422,"300000":60925167,"60000":18085970,"90000":23439747},"pk":{"120000":280550525,"150000":318350525
,"180000":356150525,"210000":494613821,"240000":532413821,"270000":570213821,"30000":91653053,"300000":608013821,"60000":154618877,"90000":192418877},"vk":{"120000":11524428,"150000":14404428,"180000":17284428,"21
0000":20164428,"240000":23044428,"270000":25924428,"30000":2884428,"300000":28804428,"60000":5764428,"90000":8644428}}}
search key at ./update_verifier-nym-increase-gaussian--90000.meta.json
compile skip
{"env":{"default":{"alpha":1,"baseNymNum":30000,"basePeriodNum":30,"beta":3}},"nym-increase-gaussian":{"cs":{"30000":12750843,"60000":18115323,"90000":23478537},"pk":{"30000":91653053,"60000":154618877,"90000":192
418877},"vk":{"30000":2884428,"60000":5764428,"90000":8644428}},"nym-increase-proportional":{"cs":{"120000":28824802,"150000":34187261,"180000":39552525,"210000":44926029,"240000":50302888,"270000":55687278,"30000
":12742254,"300000":61074760,"60000":18101052,"90000":23464293},"pk":{"120000":280550525,"150000":318350525,"180000":356150525,"210000":494613821,"240000":532413821,"270000":570213821,"30000":91653053,"300000":608
013821,"60000":154618877,"90000":192418877},"vk":{"120000":11524428,"150000":14404428,"180000":17284428,"210000":20164428,"240000":23044428,"270000":25924428,"30000":2884428,"300000":28804428,"60000":5764428,"9000
0":8644428}},"nym-increase-uniform":{"cs":{"120000":28798284,"150000":34151725,"180000":39505042,"210000":44858406,"240000":50218322,"270000":55571839,"30000":12727422,"300000":60925167,"60000":18085970,"90000":23
439747},"pk":{"120000":280550525,"150000":318350525,"180000":356150525,"210000":494613821,"240000":532413821,"270000":570213821,"30000":91653053,"300000":608013821,"60000":154618877,"90000":192418877},"vk":{"12000
0":11524428,"150000":14404428,"180000":17284428,"210000":20164428,"240000":23044428,"270000":25924428,"30000":2884428,"300000":28804428,"60000":5764428,"90000":8644428}}}
search key at ./update_verifier-nym-increase-gaussian--120000.meta.json
compile skip
{"env":{"default":{"alpha":1,"baseNymNum":30000,"basePeriodNum":30,"beta":3}},"nym-increase-gaussian":{"cs":{"120000":28852754,"30000":12750843,"60000":18115323,"90000":23478537},"pk":{"120000":280550525,"30000":9
1653053,"60000":154618877,"90000":192418877},"vk":{"120000":11524428,"30000":2884428,"60000":5764428,"90000":8644428}},"nym-increase-proportional":{"cs":{"120000":28824802,"150000":34187261,"180000":39552525,"2100
00":44926029,"240000":50302888,"270000":55687278,"30000":12742254,"300000":61074760,"60000":18101052,"90000":23464293},"pk":{"120000":280550525,"150000":318350525,"180000":356150525,"210000":494613821,"240000":532
413821,"270000":570213821,"30000":91653053,"300000":608013821,"60000":154618877,"90000":192418877},"vk":{"120000":11524428,"150000":14404428,"180000":17284428,"210000":20164428,"240000":23044428,"270000":25924428,
"30000":2884428,"300000":28804428,"60000":5764428,"90000":8644428}},"nym-increase-uniform":{"cs":{"120000":28798284,"150000":34151725,"180000":39505042,"210000":44858406,"240000":50218322,"270000":55571839,"30000"
:12727422,"300000":60925167,"60000":18085970,"90000":23439747},"pk":{"120000":280550525,"150000":318350525,"180000":356150525,"210000":494613821,"240000":532413821,"270000":570213821,"30000":91653053,"300000":6080
13821,"60000":154618877,"90000":192418877},"vk":{"120000":11524428,"150000":14404428,"180000":17284428,"210000":20164428,"240000":23044428,"270000":25924428,"30000":2884428,"300000":28804428,"60000":5764428,"90000
":8644428}}}
search key at ./update_verifier-nym-increase-gaussian--150000.meta.json
compile skip
{"env":{"default":{"alpha":1,"baseNymNum":30000,"basePeriodNum":30,"beta":3}},"nym-increase-gaussian":{"cs":{"120000":28852754,"150000":34235104,"30000":12750843,"60000":18115323,"90000":23478537},"pk":{"120000":2
80550525,"150000":318350525,"30000":91653053,"60000":154618877,"90000":192418877},"vk":{"120000":11524428,"150000":14404428,"30000":2884428,"60000":5764428,"90000":8644428}},"nym-increase-proportional":{"cs":{"120
000":28824802,"150000":34187261,"180000":39552525,"210000":44926029,"240000":50302888,"270000":55687278,"30000":12742254,"300000":61074760,"60000":18101052,"90000":23464293},"pk":{"120000":280550525,"150000":31835
0525,"180000":356150525,"210000":494613821,"240000":532413821,"270000":570213821,"30000":91653053,"300000":608013821,"60000":154618877,"90000":192418877},"vk":{"120000":11524428,"150000":14404428,"180000":17284428
,"210000":20164428,"240000":23044428,"270000":25924428,"30000":2884428,"300000":28804428,"60000":5764428,"90000":8644428}},"nym-increase-uniform":{"cs":{"120000":28798284,"150000":34151725,"180000":39505042,"21000
0":44858406,"240000":50218322,"270000":55571839,"30000":12727422,"300000":60925167,"60000":18085970,"90000":23439747},"pk":{"120000":280550525,"150000":318350525,"180000":356150525,"210000":494613821,"240000":5324
13821,"270000":570213821,"30000":91653053,"300000":608013821,"60000":154618877,"90000":192418877},"vk":{"120000":11524428,"150000":14404428,"180000":17284428,"210000":20164428,"240000":23044428,"270000":25924428,"
30000":2884428,"300000":28804428,"60000":5764428,"90000":8644428}}}
search key at ./update_verifier-nym-increase-gaussian--180000.meta.json
compile skip
{"env":{"default":{"alpha":1,"baseNymNum":30000,"basePeriodNum":30,"beta":3}},"nym-increase-gaussian":{"cs":{"120000":28852754,"150000":34235104,"180000":39629781,"30000":12750843,"60000":18115323,"90000":23478537
},"pk":{"120000":280550525,"150000":318350525,"180000":356150525,"30000":91653053,"60000":154618877,"90000":192418877},"vk":{"120000":11524428,"150000":14404428,"180000":17284428,"30000":2884428,"60000":5764428,"9
0000":8644428}},"nym-increase-proportional":{"cs":{"120000":28824802,"150000":34187261,"180000":39552525,"210000":44926029,"240000":50302888,"270000":55687278,"30000":12742254,"300000":61074760,"60000":18101052,"9
0000":23464293},"pk":{"120000":280550525,"150000":318350525,"180000":356150525,"210000":494613821,"240000":532413821,"270000":570213821,"30000":91653053,"300000":608013821,"60000":154618877,"90000":192418877},"vk"
:{"120000":11524428,"150000":14404428,"180000":17284428,"210000":20164428,"240000":23044428,"270000":25924428,"30000":2884428,"300000":28804428,"60000":5764428,"90000":8644428}},"nym-increase-uniform":{"cs":{"1200
00":28798284,"150000":34151725,"180000":39505042,"210000":44858406,"240000":50218322,"270000":55571839,"30000":12727422,"300000":60925167,"60000":18085970,"90000":23439747},"pk":{"120000":280550525,"150000":318350
525,"180000":356150525,"210000":494613821,"240000":532413821,"270000":570213821,"30000":91653053,"300000":608013821,"60000":154618877,"90000":192418877},"vk":{"120000":11524428,"150000":14404428,"180000":17284428,
"210000":20164428,"240000":23044428,"270000":25924428,"30000":2884428,"300000":28804428,"60000":5764428,"90000":8644428}}}
search key at ./update_verifier-nym-increase-gaussian--210000.meta.json
compile skip
{"env":{"default":{"alpha":1,"baseNymNum":30000,"basePeriodNum":30,"beta":3}},"nym-increase-gaussian":{"cs":{"120000":28852754,"150000":34235104,"180000":39629781,"210000":45018242,"30000":12750843,"60000":1811532
3,"90000":23478537},"pk":{"120000":280550525,"150000":318350525,"180000":356150525,"210000":494613821,"30000":91653053,"60000":154618877,"90000":192418877},"vk":{"120000":11524428,"150000":14404428,"180000":172844
28,"210000":20164428,"30000":2884428,"60000":5764428,"90000":8644428}},"nym-increase-proportional":{"cs":{"120000":28824802,"150000":34187261,"180000":39552525,"210000":44926029,"240000":50302888,"270000":55687278
,"30000":12742254,"300000":61074760,"60000":18101052,"90000":23464293},"pk":{"120000":280550525,"150000":318350525,"180000":356150525,"210000":494613821,"240000":532413821,"270000":570213821,"30000":91653053,"3000
00":608013821,"60000":154618877,"90000":192418877},"vk":{"120000":11524428,"150000":14404428,"180000":17284428,"210000":20164428,"240000":23044428,"270000":25924428,"30000":2884428,"300000":28804428,"60000":576442
8,"90000":8644428}},"nym-increase-uniform":{"cs":{"120000":28798284,"150000":34151725,"180000":39505042,"210000":44858406,"240000":50218322,"270000":55571839,"30000":12727422,"300000":60925167,"60000":18085970,"90
000":23439747},"pk":{"120000":280550525,"150000":318350525,"180000":356150525,"210000":494613821,"240000":532413821,"270000":570213821,"30000":91653053,"300000":608013821,"60000":154618877,"90000":192418877},"vk":
{"120000":11524428,"150000":14404428,"180000":17284428,"210000":20164428,"240000":23044428,"270000":25924428,"30000":2884428,"300000":28804428,"60000":5764428,"90000":8644428}}}
search key at ./update_verifier-nym-increase-gaussian--240000.meta.json
compile skip
{"env":{"default":{"alpha":1,"baseNymNum":30000,"basePeriodNum":30,"beta":3}},"nym-increase-gaussian":{"cs":{"120000":28852754,"150000":34235104,"180000":39629781,"210000":45018242,"240000":50407252,"30000":127508
43,"60000":18115323,"90000":23478537},"pk":{"120000":280550525,"150000":318350525,"180000":356150525,"210000":494613821,"240000":532413821,"30000":91653053,"60000":154618877,"90000":192418877},"vk":{"120000":11524
428,"150000":14404428,"180000":17284428,"210000":20164428,"240000":23044428,"30000":2884428,"60000":5764428,"90000":8644428}},"nym-increase-proportional":{"cs":{"120000":28824802,"150000":34187261,"180000":3955252
5,"210000":44926029,"240000":50302888,"270000":55687278,"30000":12742254,"300000":61074760,"60000":18101052,"90000":23464293},"pk":{"120000":280550525,"150000":318350525,"180000":356150525,"210000":494613821,"2400
00":532413821,"270000":570213821,"30000":91653053,"300000":608013821,"60000":154618877,"90000":192418877},"vk":{"120000":11524428,"150000":14404428,"180000":17284428,"210000":20164428,"240000":23044428,"270000":25
924428,"30000":2884428,"300000":28804428,"60000":5764428,"90000":8644428}},"nym-increase-uniform":{"cs":{"120000":28798284,"150000":34151725,"180000":39505042,"210000":44858406,"240000":50218322,"270000":55571839,
"30000":12727422,"300000":60925167,"60000":18085970,"90000":23439747},"pk":{"120000":280550525,"150000":318350525,"180000":356150525,"210000":494613821,"240000":532413821,"270000":570213821,"30000":91653053,"30000
0":608013821,"60000":154618877,"90000":192418877},"vk":{"120000":11524428,"150000":14404428,"180000":17284428,"210000":20164428,"240000":23044428,"270000":25924428,"30000":2884428,"300000":28804428,"60000":5764428
,"90000":8644428}}}
search key at ./update_verifier-nym-increase-gaussian--270000.meta.json
compile skip
{"env":{"default":{"alpha":1,"baseNymNum":30000,"basePeriodNum":30,"beta":3}},"nym-increase-gaussian":{"cs":{"120000":28852754,"150000":34235104,"180000":39629781,"210000":45018242,"240000":50407252,"270000":55796
471,"30000":12750843,"60000":18115323,"90000":23478537},"pk":{"120000":280550525,"150000":318350525,"180000":356150525,"210000":494613821,"240000":532413821,"270000":570213821,"30000":91653053,"60000":154618877,"9
0000":192418877},"vk":{"120000":11524428,"150000":14404428,"180000":17284428,"210000":20164428,"240000":23044428,"270000":25924428,"30000":2884428,"60000":5764428,"90000":8644428}},"nym-increase-proportional":{"cs
":{"120000":28824802,"150000":34187261,"180000":39552525,"210000":44926029,"240000":50302888,"270000":55687278,"30000":12742254,"300000":61074760,"60000":18101052,"90000":23464293},"pk":{"120000":280550525,"150000
":318350525,"180000":356150525,"210000":494613821,"240000":532413821,"270000":570213821,"30000":91653053,"300000":608013821,"60000":154618877,"90000":192418877},"vk":{"120000":11524428,"150000":14404428,"180000":1
7284428,"210000":20164428,"240000":23044428,"270000":25924428,"30000":2884428,"300000":28804428,"60000":5764428,"90000":8644428}},"nym-increase-uniform":{"cs":{"120000":28798284,"150000":34151725,"180000":39505042
,"210000":44858406,"240000":50218322,"270000":55571839,"30000":12727422,"300000":60925167,"60000":18085970,"90000":23439747},"pk":{"120000":280550525,"150000":318350525,"180000":356150525,"210000":494613821,"24000
0":532413821,"270000":570213821,"30000":91653053,"300000":608013821,"60000":154618877,"90000":192418877},"vk":{"120000":11524428,"150000":14404428,"180000":17284428,"210000":20164428,"240000":23044428,"270000":259
24428,"30000":2884428,"300000":28804428,"60000":5764428,"90000":8644428}}}
search key at ./update_verifier-nym-increase-gaussian--300000.meta.json
compile skip
{"env":{"default":{"alpha":1,"baseNymNum":30000,"basePeriodNum":30,"beta":3}},"nym-increase-gaussian":{"cs":{"120000":28852754,"150000":34235104,"180000":39629781,"210000":45018242,"240000":50407252,"270000":55796
471,"30000":12750843,"300000":61186629,"60000":18115323,"90000":23478537},"pk":{"120000":280550525,"150000":318350525,"180000":356150525,"210000":494613821,"240000":532413821,"270000":570213821,"30000":91653053,"3
00000":608013821,"60000":154618877,"90000":192418877},"vk":{"120000":11524428,"150000":14404428,"180000":17284428,"210000":20164428,"240000":23044428,"270000":25924428,"30000":2884428,"300000":28804428,"60000":576
4428,"90000":8644428}},"nym-increase-proportional":{"cs":{"120000":28824802,"150000":34187261,"180000":39552525,"210000":44926029,"240000":50302888,"270000":55687278,"30000":12742254,"300000":61074760,"60000":1810
1052,"90000":23464293},"pk":{"120000":280550525,"150000":318350525,"180000":356150525,"210000":494613821,"240000":532413821,"270000":570213821,"30000":91653053,"300000":608013821,"60000":154618877,"90000":19241887
7},"vk":{"120000":11524428,"150000":14404428,"180000":17284428,"210000":20164428,"240000":23044428,"270000":25924428,"30000":2884428,"300000":28804428,"60000":5764428,"90000":8644428}},"nym-increase-uniform":{"cs"
:{"120000":28798284,"150000":34151725,"180000":39505042,"210000":44858406,"240000":50218322,"270000":55571839,"30000":12727422,"300000":60925167,"60000":18085970,"90000":23439747},"pk":{"120000":280550525,"150000"
:318350525,"180000":356150525,"210000":494613821,"240000":532413821,"270000":570213821,"30000":91653053,"300000":608013821,"60000":154618877,"90000":192418877},"vk":{"120000":11524428,"150000":14404428,"180000":17
284428,"210000":20164428,"240000":23044428,"270000":25924428,"30000":2884428,"300000":28804428,"60000":5764428,"90000":8644428}}}
search key at ./update_verifier-period-increase-uniform--90.meta.json
compile skip
{"env":{"default":{"alpha":1,"baseNymNum":30000,"basePeriodNum":30,"beta":3}},"nym-increase-gaussian":{"cs":{"120000":28852754,"150000":34235104,"180000":39629781,"210000":45018242,"240000":50407252,"270000":55796
471,"30000":12750843,"300000":61186629,"60000":18115323,"90000":23478537},"pk":{"120000":280550525,"150000":318350525,"180000":356150525,"210000":494613821,"240000":532413821,"270000":570213821,"30000":91653053,"3
00000":608013821,"60000":154618877,"90000":192418877},"vk":{"120000":11524428,"150000":14404428,"180000":17284428,"210000":20164428,"240000":23044428,"270000":25924428,"30000":2884428,"300000":28804428,"60000":576
4428,"90000":8644428}},"nym-increase-proportional":{"cs":{"120000":28824802,"150000":34187261,"180000":39552525,"210000":44926029,"240000":50302888,"270000":55687278,"30000":12742254,"300000":61074760,"60000":1810
1052,"90000":23464293},"pk":{"120000":280550525,"150000":318350525,"180000":356150525,"210000":494613821,"240000":532413821,"270000":570213821,"30000":91653053,"300000":608013821,"60000":154618877,"90000":19241887
7},"vk":{"120000":11524428,"150000":14404428,"180000":17284428,"210000":20164428,"240000":23044428,"270000":25924428,"30000":2884428,"300000":28804428,"60000":5764428,"90000":8644428}},"nym-increase-uniform":{"cs"
:{"120000":28798284,"150000":34151725,"180000":39505042,"210000":44858406,"240000":50218322,"270000":55571839,"30000":12727422,"300000":60925167,"60000":18085970,"90000":23439747},"pk":{"120000":280550525,"150000"
:318350525,"180000":356150525,"210000":494613821,"240000":532413821,"270000":570213821,"30000":91653053,"300000":608013821,"60000":154618877,"90000":192418877},"vk":{"120000":11524428,"150000":14404428,"180000":17
284428,"210000":20164428,"240000":23044428,"270000":25924428,"30000":2884428,"300000":28804428,"60000":5764428,"90000":8644428}},"period-increase-uniform":{"cs":{"90":26851622},"pk":{"90":169093397},"vk":{"90":289
0188}}}
search key at ./update_verifier-period-increase-uniform--180.meta.json
compile skip
{"env":{"default":{"alpha":1,"baseNymNum":30000,"basePeriodNum":30,"beta":3}},"nym-increase-gaussian":{"cs":{"120000":28852754,"150000":34235104,"180000":39629781,"210000":45018242,"240000":50407252,"270000":55796
471,"30000":12750843,"300000":61186629,"60000":18115323,"90000":23478537},"pk":{"120000":280550525,"150000":318350525,"180000":356150525,"210000":494613821,"240000":532413821,"270000":570213821,"30000":91653053,"3
00000":608013821,"60000":154618877,"90000":192418877},"vk":{"120000":11524428,"150000":14404428,"180000":17284428,"210000":20164428,"240000":23044428,"270000":25924428,"30000":2884428,"300000":28804428,"60000":576
4428,"90000":8644428}},"nym-increase-proportional":{"cs":{"120000":28824802,"150000":34187261,"180000":39552525,"210000":44926029,"240000":50302888,"270000":55687278,"30000":12742254,"300000":61074760,"60000":1810
1052,"90000":23464293},"pk":{"120000":280550525,"150000":318350525,"180000":356150525,"210000":494613821,"240000":532413821,"270000":570213821,"30000":91653053,"300000":608013821,"60000":154618877,"90000":19241887
7},"vk":{"120000":11524428,"150000":14404428,"180000":17284428,"210000":20164428,"240000":23044428,"270000":25924428,"30000":2884428,"300000":28804428,"60000":5764428,"90000":8644428}},"nym-increase-uniform":{"cs"
:{"120000":28798284,"150000":34151725,"180000":39505042,"210000":44858406,"240000":50218322,"270000":55571839,"30000":12727422,"300000":60925167,"60000":18085970,"90000":23439747},"pk":{"120000":280550525,"150000"
:318350525,"180000":356150525,"210000":494613821,"240000":532413821,"270000":570213821,"30000":91653053,"300000":608013821,"60000":154618877,"90000":192418877},"vk":{"120000":11524428,"150000":14404428,"180000":17
284428,"210000":20164428,"240000":23044428,"270000":25924428,"30000":2884428,"300000":28804428,"60000":5764428,"90000":8644428}},"period-increase-uniform":{"cs":{"180":48023323,"90":26851622},"pk":{"180":297836825
,"90":169093397},"vk":{"180":2898828,"90":2890188}}}
search key at ./update_verifier-period-increase-uniform--270.meta.json
compile skip
{"env":{"default":{"alpha":1,"baseNymNum":30000,"basePeriodNum":30,"beta":3}},"nym-increase-gaussian":{"cs":{"120000":28852754,"150000":34235104,"180000":39629781,"210000":45018242,"240000":50407252,"270000":55796
471,"30000":12750843,"300000":61186629,"60000":18115323,"90000":23478537},"pk":{"120000":280550525,"150000":318350525,"180000":356150525,"210000":494613821,"240000":532413821,"270000":570213821,"30000":91653053,"3
00000":608013821,"60000":154618877,"90000":192418877},"vk":{"120000":11524428,"150000":14404428,"180000":17284428,"210000":20164428,"240000":23044428,"270000":25924428,"30000":2884428,"300000":28804428,"60000":576
4428,"90000":8644428}},"nym-increase-proportional":{"cs":{"120000":28824802,"150000":34187261,"180000":39552525,"210000":44926029,"240000":50302888,"270000":55687278,"30000":12742254,"300000":61074760,"60000":1810
1052,"90000":23464293},"pk":{"120000":280550525,"150000":318350525,"180000":356150525,"210000":494613821,"240000":532413821,"270000":570213821,"30000":91653053,"300000":608013821,"60000":154618877,"90000":19241887
7},"vk":{"120000":11524428,"150000":14404428,"180000":17284428,"210000":20164428,"240000":23044428,"270000":25924428,"30000":2884428,"300000":28804428,"60000":5764428,"90000":8644428}},"nym-increase-uniform":{"cs"
:{"120000":28798284,"150000":34151725,"180000":39505042,"210000":44858406,"240000":50218322,"270000":55571839,"30000":12727422,"300000":60925167,"60000":18085970,"90000":23439747},"pk":{"120000":280550525,"150000"
:318350525,"180000":356150525,"210000":494613821,"240000":532413821,"270000":570213821,"30000":91653053,"300000":608013821,"60000":154618877,"90000":192418877},"vk":{"120000":11524428,"150000":14404428,"180000":17
284428,"210000":20164428,"240000":23044428,"270000":25924428,"30000":2884428,"300000":28804428,"60000":5764428,"90000":8644428}},"period-increase-uniform":{"cs":{"180":48023323,"270":69207936,"90":26851622},"pk":{
"180":297836825,"270":376248605,"90":169093397},"vk":{"180":2898828,"270":2907468,"90":2890188}}}
search key at ./update_verifier-period-increase-uniform--360.meta.json
compile skip
{"env":{"default":{"alpha":1,"baseNymNum":30000,"basePeriodNum":30,"beta":3}},"nym-increase-gaussian":{"cs":{"120000":28852754,"150000":34235104,"180000":39629781,"210000":45018242,"240000":50407252,"270000":55796
471,"30000":12750843,"300000":61186629,"60000":18115323,"90000":23478537},"pk":{"120000":280550525,"150000":318350525,"180000":356150525,"210000":494613821,"240000":532413821,"270000":570213821,"30000":91653053,"3
00000":608013821,"60000":154618877,"90000":192418877},"vk":{"120000":11524428,"150000":14404428,"180000":17284428,"210000":20164428,"240000":23044428,"270000":25924428,"30000":2884428,"300000":28804428,"60000":576
4428,"90000":8644428}},"nym-increase-proportional":{"cs":{"120000":28824802,"150000":34187261,"180000":39552525,"210000":44926029,"240000":50302888,"270000":55687278,"30000":12742254,"300000":61074760,"60000":1810
1052,"90000":23464293},"pk":{"120000":280550525,"150000":318350525,"180000":356150525,"210000":494613821,"240000":532413821,"270000":570213821,"30000":91653053,"300000":608013821,"60000":154618877,"90000":19241887
7},"vk":{"120000":11524428,"150000":14404428,"180000":17284428,"210000":20164428,"240000":23044428,"270000":25924428,"30000":2884428,"300000":28804428,"60000":5764428,"90000":8644428}},"nym-increase-uniform":{"cs"
:{"120000":28798284,"150000":34151725,"180000":39505042,"210000":44858406,"240000":50218322,"270000":55571839,"30000":12727422,"300000":60925167,"60000":18085970,"90000":23439747},"pk":{"120000":280550525,"150000"
:318350525,"180000":356150525,"210000":494613821,"240000":532413821,"270000":570213821,"30000":91653053,"300000":608013821,"60000":154618877,"90000":192418877},"vk":{"120000":11524428,"150000":14404428,"180000":17
284428,"210000":20164428,"240000":23044428,"270000":25924428,"30000":2884428,"300000":28804428,"60000":5764428,"90000":8644428}},"period-increase-uniform":{"cs":{"180":48023323,"270":69207936,"360":90371864,"90":2
6851622},"pk":{"180":297836825,"270":376248605,"360":454660385,"90":169093397},"vk":{"180":2898828,"270":2907468,"360":2916108,"90":2890188}}}
search key at ./update_verifier-period-increase-uniform--450.meta.json
compile skip
{"env":{"default":{"alpha":1,"baseNymNum":30000,"basePeriodNum":30,"beta":3}},"nym-increase-gaussian":{"cs":{"120000":28852754,"150000":34235104,"180000":39629781,"210000":45018242,"240000":50407252,"270000":55796
471,"30000":12750843,"300000":61186629,"60000":18115323,"90000":23478537},"pk":{"120000":280550525,"150000":318350525,"180000":356150525,"210000":494613821,"240000":532413821,"270000":570213821,"30000":91653053,"3
00000":608013821,"60000":154618877,"90000":192418877},"vk":{"120000":11524428,"150000":14404428,"180000":17284428,"210000":20164428,"240000":23044428,"270000":25924428,"30000":2884428,"300000":28804428,"60000":576
4428,"90000":8644428}},"nym-increase-proportional":{"cs":{"120000":28824802,"150000":34187261,"180000":39552525,"210000":44926029,"240000":50302888,"270000":55687278,"30000":12742254,"300000":61074760,"60000":1810
1052,"90000":23464293},"pk":{"120000":280550525,"150000":318350525,"180000":356150525,"210000":494613821,"240000":532413821,"270000":570213821,"30000":91653053,"300000":608013821,"60000":154618877,"90000":19241887
7},"vk":{"120000":11524428,"150000":14404428,"180000":17284428,"210000":20164428,"240000":23044428,"270000":25924428,"30000":2884428,"300000":28804428,"60000":5764428,"90000":8644428}},"nym-increase-uniform":{"cs"
:{"120000":28798284,"150000":34151725,"180000":39505042,"210000":44858406,"240000":50218322,"270000":55571839,"30000":12727422,"300000":60925167,"60000":18085970,"90000":23439747},"pk":{"120000":280550525,"150000"
:318350525,"180000":356150525,"210000":494613821,"240000":532413821,"270000":570213821,"30000":91653053,"300000":608013821,"60000":154618877,"90000":192418877},"vk":{"120000":11524428,"150000":14404428,"180000":17
284428,"210000":20164428,"240000":23044428,"270000":25924428,"30000":2884428,"300000":28804428,"60000":5764428,"90000":8644428}},"period-increase-uniform":{"cs":{"180":48023323,"270":69207936,"360":90371864,"450":
111465737,"90":26851622},"pk":{"180":297836825,"270":376248605,"360":454660385,"450":633735461,"90":169093397},"vk":{"180":2898828,"270":2907468,"360":2916108,"450":2924748,"90":2890188}}}
search key at ./update_verifier-period-increase-uniform--540.meta.json
compile skip
{"env":{"default":{"alpha":1,"baseNymNum":30000,"basePeriodNum":30,"beta":3}},"nym-increase-gaussian":{"cs":{"120000":28852754,"150000":34235104,"180000":39629781,"210000":45018242,"240000":50407252,"270000":55796
471,"30000":12750843,"300000":61186629,"60000":18115323,"90000":23478537},"pk":{"120000":280550525,"150000":318350525,"180000":356150525,"210000":494613821,"240000":532413821,"270000":570213821,"30000":91653053,"3
00000":608013821,"60000":154618877,"90000":192418877},"vk":{"120000":11524428,"150000":14404428,"180000":17284428,"210000":20164428,"240000":23044428,"270000":25924428,"30000":2884428,"300000":28804428,"60000":576
4428,"90000":8644428}},"nym-increase-proportional":{"cs":{"120000":28824802,"150000":34187261,"180000":39552525,"210000":44926029,"240000":50302888,"270000":55687278,"30000":12742254,"300000":61074760,"60000":1810
1052,"90000":23464293},"pk":{"120000":280550525,"150000":318350525,"180000":356150525,"210000":494613821,"240000":532413821,"270000":570213821,"30000":91653053,"300000":608013821,"60000":154618877,"90000":19241887
7},"vk":{"120000":11524428,"150000":14404428,"180000":17284428,"210000":20164428,"240000":23044428,"270000":25924428,"30000":2884428,"300000":28804428,"60000":5764428,"90000":8644428}},"nym-increase-uniform":{"cs"
:{"120000":28798284,"150000":34151725,"180000":39505042,"210000":44858406,"240000":50218322,"270000":55571839,"30000":12727422,"300000":60925167,"60000":18085970,"90000":23439747},"pk":{"120000":280550525,"150000"
:318350525,"180000":356150525,"210000":494613821,"240000":532413821,"270000":570213821,"30000":91653053,"300000":608013821,"60000":154618877,"90000":192418877},"vk":{"120000":11524428,"150000":14404428,"180000":17
284428,"210000":20164428,"240000":23044428,"270000":25924428,"30000":2884428,"300000":28804428,"60000":5764428,"90000":8644428}},"period-increase-uniform":{"cs":{"180":48023323,"270":69207936,"360":90371864,"450":
111465737,"540":132607581,"90":26851622},"pk":{"180":297836825,"270":376248605,"360":454660385,"450":633735461,"540":712147241,"90":169093397},"vk":{"180":2898828,"270":2907468,"360":2916108,"450":2924748,"540":29
33388,"90":2890188}}}
search key at ./update_verifier-period-increase-uniform--630.meta.json
compile skip
{"env":{"default":{"alpha":1,"baseNymNum":30000,"basePeriodNum":30,"beta":3}},"nym-increase-gaussian":{"cs":{"120000":28852754,"150000":34235104,"180000":39629781,"210000":45018242,"240000":50407252,"270000":55796
471,"30000":12750843,"300000":61186629,"60000":18115323,"90000":23478537},"pk":{"120000":280550525,"150000":318350525,"180000":356150525,"210000":494613821,"240000":532413821,"270000":570213821,"30000":91653053,"3
00000":608013821,"60000":154618877,"90000":192418877},"vk":{"120000":11524428,"150000":14404428,"180000":17284428,"210000":20164428,"240000":23044428,"270000":25924428,"30000":2884428,"300000":28804428,"60000":576
4428,"90000":8644428}},"nym-increase-proportional":{"cs":{"120000":28824802,"150000":34187261,"180000":39552525,"210000":44926029,"240000":50302888,"270000":55687278,"30000":12742254,"300000":61074760,"60000":1810
1052,"90000":23464293},"pk":{"120000":280550525,"150000":318350525,"180000":356150525,"210000":494613821,"240000":532413821,"270000":570213821,"30000":91653053,"300000":608013821,"60000":154618877,"90000":19241887
7},"vk":{"120000":11524428,"150000":14404428,"180000":17284428,"210000":20164428,"240000":23044428,"270000":25924428,"30000":2884428,"300000":28804428,"60000":5764428,"90000":8644428}},"nym-increase-uniform":{"cs"
:{"120000":28798284,"150000":34151725,"180000":39505042,"210000":44858406,"240000":50218322,"270000":55571839,"30000":12727422,"300000":60925167,"60000":18085970,"90000":23439747},"pk":{"120000":280550525,"150000"
:318350525,"180000":356150525,"210000":494613821,"240000":532413821,"270000":570213821,"30000":91653053,"300000":608013821,"60000":154618877,"90000":192418877},"vk":{"120000":11524428,"150000":14404428,"180000":17
284428,"210000":20164428,"240000":23044428,"270000":25924428,"30000":2884428,"300000":28804428,"60000":5764428,"90000":8644428}},"period-increase-uniform":{"cs":{"180":48023323,"270":69207936,"360":90371864,"450":
111465737,"540":132607581,"630":153781688,"90":26851622},"pk":{"180":297836825,"270":376248605,"360":454660385,"450":633735461,"540":712147241,"630":790559021,"90":169093397},"vk":{"180":2898828,"270":2907468,"360
":2916108,"450":2924748,"540":2933388,"630":2942028,"90":2890188}}}
search key at ./update_verifier-period-increase-uniform--720.meta.json
compile skip
{"env":{"default":{"alpha":1,"baseNymNum":30000,"basePeriodNum":30,"beta":3}},"nym-increase-gaussian":{"cs":{"120000":28852754,"150000":34235104,"180000":39629781,"210000":45018242,"240000":50407252,"270000":55796
471,"30000":12750843,"300000":61186629,"60000":18115323,"90000":23478537},"pk":{"120000":280550525,"150000":318350525,"180000":356150525,"210000":494613821,"240000":532413821,"270000":570213821,"30000":91653053,"3
00000":608013821,"60000":154618877,"90000":192418877},"vk":{"120000":11524428,"150000":14404428,"180000":17284428,"210000":20164428,"240000":23044428,"270000":25924428,"30000":2884428,"300000":28804428,"60000":576
4428,"90000":8644428}},"nym-increase-proportional":{"cs":{"120000":28824802,"150000":34187261,"180000":39552525,"210000":44926029,"240000":50302888,"270000":55687278,"30000":12742254,"300000":61074760,"60000":1810
1052,"90000":23464293},"pk":{"120000":280550525,"150000":318350525,"180000":356150525,"210000":494613821,"240000":532413821,"270000":570213821,"30000":91653053,"300000":608013821,"60000":154618877,"90000":19241887
7},"vk":{"120000":11524428,"150000":14404428,"180000":17284428,"210000":20164428,"240000":23044428,"270000":25924428,"30000":2884428,"300000":28804428,"60000":5764428,"90000":8644428}},"nym-increase-uniform":{"cs"
:{"120000":28798284,"150000":34151725,"180000":39505042,"210000":44858406,"240000":50218322,"270000":55571839,"30000":12727422,"300000":60925167,"60000":18085970,"90000":23439747},"pk":{"120000":280550525,"150000"
:318350525,"180000":356150525,"210000":494613821,"240000":532413821,"270000":570213821,"30000":91653053,"300000":608013821,"60000":154618877,"90000":192418877},"vk":{"120000":11524428,"150000":14404428,"180000":17
284428,"210000":20164428,"240000":23044428,"270000":25924428,"30000":2884428,"300000":28804428,"60000":5764428,"90000":8644428}},"period-increase-uniform":{"cs":{"180":48023323,"270":69207936,"360":90371864,"450":
111465737,"540":132607581,"630":153781688,"720":174924992,"90":26851622},"pk":{"180":297836825,"270":376248605,"360":454660385,"450":633735461,"540":712147241,"630":790559021,"720":868970801,"90":169093397},"vk":{
"180":2898828,"270":2907468,"360":2916108,"450":2924748,"540":2933388,"630":2942028,"720":2950668,"90":2890188}}}
search key at ./update_verifier-period-increase-uniform--810.meta.json
compile skip
{"env":{"default":{"alpha":1,"baseNymNum":30000,"basePeriodNum":30,"beta":3}},"nym-increase-gaussian":{"cs":{"120000":28852754,"150000":34235104,"180000":39629781,"210000":45018242,"240000":50407252,"270000":55796
471,"30000":12750843,"300000":61186629,"60000":18115323,"90000":23478537},"pk":{"120000":280550525,"150000":318350525,"180000":356150525,"210000":494613821,"240000":532413821,"270000":570213821,"30000":91653053,"3
00000":608013821,"60000":154618877,"90000":192418877},"vk":{"120000":11524428,"150000":14404428,"180000":17284428,"210000":20164428,"240000":23044428,"270000":25924428,"30000":2884428,"300000":28804428,"60000":576
4428,"90000":8644428}},"nym-increase-proportional":{"cs":{"120000":28824802,"150000":34187261,"180000":39552525,"210000":44926029,"240000":50302888,"270000":55687278,"30000":12742254,"300000":61074760,"60000":1810
1052,"90000":23464293},"pk":{"120000":280550525,"150000":318350525,"180000":356150525,"210000":494613821,"240000":532413821,"270000":570213821,"30000":91653053,"300000":608013821,"60000":154618877,"90000":19241887
7},"vk":{"120000":11524428,"150000":14404428,"180000":17284428,"210000":20164428,"240000":23044428,"270000":25924428,"30000":2884428,"300000":28804428,"60000":5764428,"90000":8644428}},"nym-increase-uniform":{"cs"
:{"120000":28798284,"150000":34151725,"180000":39505042,"210000":44858406,"240000":50218322,"270000":55571839,"30000":12727422,"300000":60925167,"60000":18085970,"90000":23439747},"pk":{"120000":280550525,"150000"
:318350525,"180000":356150525,"210000":494613821,"240000":532413821,"270000":570213821,"30000":91653053,"300000":608013821,"60000":154618877,"90000":192418877},"vk":{"120000":11524428,"150000":14404428,"180000":17
284428,"210000":20164428,"240000":23044428,"270000":25924428,"30000":2884428,"300000":28804428,"60000":5764428,"90000":8644428}},"period-increase-uniform":{"cs":{"180":48023323,"270":69207936,"360":90371864,"450":
111465737,"540":132607581,"630":153781688,"720":174924992,"810":196095541,"90":26851622},"pk":{"180":297836825,"270":376248605,"360":454660385,"450":633735461,"540":712147241,"630":790559021,"720":868970801,"810":
947382581,"90":169093397},"vk":{"180":2898828,"270":2907468,"360":2916108,"450":2924748,"540":2933388,"630":2942028,"720":2950668,"810":2959308,"90":2890188}}}
search key at ./update_verifier-period-increase-uniform--900.meta.json
compile skip
{"env":{"default":{"alpha":1,"baseNymNum":30000,"basePeriodNum":30,"beta":3}},"nym-increase-gaussian":{"cs":{"120000":28852754,"150000":34235104,"180000":39629781,"210000":45018242,"240000":50407252,"270000":55796
471,"30000":12750843,"300000":61186629,"60000":18115323,"90000":23478537},"pk":{"120000":280550525,"150000":318350525,"180000":356150525,"210000":494613821,"240000":532413821,"270000":570213821,"30000":91653053,"3
00000":608013821,"60000":154618877,"90000":192418877},"vk":{"120000":11524428,"150000":14404428,"180000":17284428,"210000":20164428,"240000":23044428,"270000":25924428,"30000":2884428,"300000":28804428,"60000":576
4428,"90000":8644428}},"nym-increase-proportional":{"cs":{"120000":28824802,"150000":34187261,"180000":39552525,"210000":44926029,"240000":50302888,"270000":55687278,"30000":12742254,"300000":61074760,"60000":1810
1052,"90000":23464293},"pk":{"120000":280550525,"150000":318350525,"180000":356150525,"210000":494613821,"240000":532413821,"270000":570213821,"30000":91653053,"300000":608013821,"60000":154618877,"90000":19241887
7},"vk":{"120000":11524428,"150000":14404428,"180000":17284428,"210000":20164428,"240000":23044428,"270000":25924428,"30000":2884428,"300000":28804428,"60000":5764428,"90000":8644428}},"nym-increase-uniform":{"cs"
:{"120000":28798284,"150000":34151725,"180000":39505042,"210000":44858406,"240000":50218322,"270000":55571839,"30000":12727422,"300000":60925167,"60000":18085970,"90000":23439747},"pk":{"120000":280550525,"150000"
:318350525,"180000":356150525,"210000":494613821,"240000":532413821,"270000":570213821,"30000":91653053,"300000":608013821,"60000":154618877,"90000":192418877},"vk":{"120000":11524428,"150000":14404428,"180000":17
284428,"210000":20164428,"240000":23044428,"270000":25924428,"30000":2884428,"300000":28804428,"60000":5764428,"90000":8644428}},"period-increase-uniform":{"cs":{"180":48023323,"270":69207936,"360":90371864,"450":
111465737,"540":132607581,"630":153781688,"720":174924992,"810":196095541,"90":26851622,"900":218422332},"pk":{"180":297836825,"270":376248605,"360":454660385,"450":633735461,"540":712147241,"630":790559021,"720":
868970801,"810":947382581,"90":169093397,"900":1227120953},"vk":{"180":2898828,"270":2907468,"360":2916108,"450":2924748,"540":2933388,"630":2942028,"720":2950668,"810":2959308,"90":2890188,"900":2967948}}}
search key at ./update_verifier-period-increase-proportional--90.meta.json
compile skip
{"env":{"default":{"alpha":1,"baseNymNum":30000,"basePeriodNum":30,"beta":3}},"nym-increase-gaussian":{"cs":{"120000":28852754,"150000":34235104,"180000":39629781,"210000":45018242,"240000":50407252,"270000":55796
471,"30000":12750843,"300000":61186629,"60000":18115323,"90000":23478537},"pk":{"120000":280550525,"150000":318350525,"180000":356150525,"210000":494613821,"240000":532413821,"270000":570213821,"30000":91653053,"3
00000":608013821,"60000":154618877,"90000":192418877},"vk":{"120000":11524428,"150000":14404428,"180000":17284428,"210000":20164428,"240000":23044428,"270000":25924428,"30000":2884428,"300000":28804428,"60000":576
4428,"90000":8644428}},"nym-increase-proportional":{"cs":{"120000":28824802,"150000":34187261,"180000":39552525,"210000":44926029,"240000":50302888,"270000":55687278,"30000":12742254,"300000":61074760,"60000":1810
1052,"90000":23464293},"pk":{"120000":280550525,"150000":318350525,"180000":356150525,"210000":494613821,"240000":532413821,"270000":570213821,"30000":91653053,"300000":608013821,"60000":154618877,"90000":19241887
7},"vk":{"120000":11524428,"150000":14404428,"180000":17284428,"210000":20164428,"240000":23044428,"270000":25924428,"30000":2884428,"300000":28804428,"60000":5764428,"90000":8644428}},"nym-increase-uniform":{"cs"
:{"120000":28798284,"150000":34151725,"180000":39505042,"210000":44858406,"240000":50218322,"270000":55571839,"30000":12727422,"300000":60925167,"60000":18085970,"90000":23439747},"pk":{"120000":280550525,"150000"
:318350525,"180000":356150525,"210000":494613821,"240000":532413821,"270000":570213821,"30000":91653053,"300000":608013821,"60000":154618877,"90000":192418877},"vk":{"120000":11524428,"150000":14404428,"180000":17
284428,"210000":20164428,"240000":23044428,"270000":25924428,"30000":2884428,"300000":28804428,"60000":5764428,"90000":8644428}},"period-increase-proportional":{"cs":{"90":26854439},"pk":{"90":169093397},"vk":{"90
":2890188}},"period-increase-uniform":{"cs":{"180":48023323,"270":69207936,"360":90371864,"450":111465737,"540":132607581,"630":153781688,"720":174924992,"810":196095541,"90":26851622,"900":218422332},"pk":{"180":
297836825,"270":376248605,"360":454660385,"450":633735461,"540":712147241,"630":790559021,"720":868970801,"810":947382581,"90":169093397,"900":1227120953},"vk":{"180":2898828,"270":2907468,"360":2916108,"450":2924
748,"540":2933388,"630":2942028,"720":2950668,"810":2959308,"90":2890188,"900":2967948}}}
search key at ./update_verifier-period-increase-proportional--180.meta.json
compile skip
{"env":{"default":{"alpha":1,"baseNymNum":30000,"basePeriodNum":30,"beta":3}},"nym-increase-gaussian":{"cs":{"120000":28852754,"150000":34235104,"180000":39629781,"210000":45018242,"240000":50407252,"270000":55796
471,"30000":12750843,"300000":61186629,"60000":18115323,"90000":23478537},"pk":{"120000":280550525,"150000":318350525,"180000":356150525,"210000":494613821,"240000":532413821,"270000":570213821,"30000":91653053,"3
00000":608013821,"60000":154618877,"90000":192418877},"vk":{"120000":11524428,"150000":14404428,"180000":17284428,"210000":20164428,"240000":23044428,"270000":25924428,"30000":2884428,"300000":28804428,"60000":576
4428,"90000":8644428}},"nym-increase-proportional":{"cs":{"120000":28824802,"150000":34187261,"180000":39552525,"210000":44926029,"240000":50302888,"270000":55687278,"30000":12742254,"300000":61074760,"60000":1810
1052,"90000":23464293},"pk":{"120000":280550525,"150000":318350525,"180000":356150525,"210000":494613821,"240000":532413821,"270000":570213821,"30000":91653053,"300000":608013821,"60000":154618877,"90000":19241887
7},"vk":{"120000":11524428,"150000":14404428,"180000":17284428,"210000":20164428,"240000":23044428,"270000":25924428,"30000":2884428,"300000":28804428,"60000":5764428,"90000":8644428}},"nym-increase-uniform":{"cs"
:{"120000":28798284,"150000":34151725,"180000":39505042,"210000":44858406,"240000":50218322,"270000":55571839,"30000":12727422,"300000":60925167,"60000":18085970,"90000":23439747},"pk":{"120000":280550525,"150000"
:318350525,"180000":356150525,"210000":494613821,"240000":532413821,"270000":570213821,"30000":91653053,"300000":608013821,"60000":154618877,"90000":192418877},"vk":{"120000":11524428,"150000":14404428,"180000":17
284428,"210000":20164428,"240000":23044428,"270000":25924428,"30000":2884428,"300000":28804428,"60000":5764428,"90000":8644428}},"period-increase-proportional":{"cs":{"180":48023845,"90":26854439},"pk":{"180":2978
36825,"90":169093397},"vk":{"180":2898828,"90":2890188}},"period-increase-uniform":{"cs":{"180":48023323,"270":69207936,"360":90371864,"450":111465737,"540":132607581,"630":153781688,"720":174924992,"810":19609554
1,"90":26851622,"900":218422332},"pk":{"180":297836825,"270":376248605,"360":454660385,"450":633735461,"540":712147241,"630":790559021,"720":868970801,"810":947382581,"90":169093397,"900":1227120953},"vk":{"180":2
898828,"270":2907468,"360":2916108,"450":2924748,"540":2933388,"630":2942028,"720":2950668,"810":2959308,"90":2890188,"900":2967948}}}
search key at ./update_verifier-period-increase-proportional--270.meta.json
compile skip
{"env":{"default":{"alpha":1,"baseNymNum":30000,"basePeriodNum":30,"beta":3}},"nym-increase-gaussian":{"cs":{"120000":28852754,"150000":34235104,"180000":39629781,"210000":45018242,"240000":50407252,"270000":55796
471,"30000":12750843,"300000":61186629,"60000":18115323,"90000":23478537},"pk":{"120000":280550525,"150000":318350525,"180000":356150525,"210000":494613821,"240000":532413821,"270000":570213821,"30000":91653053,"3
00000":608013821,"60000":154618877,"90000":192418877},"vk":{"120000":11524428,"150000":14404428,"180000":17284428,"210000":20164428,"240000":23044428,"270000":25924428,"30000":2884428,"300000":28804428,"60000":576
4428,"90000":8644428}},"nym-increase-proportional":{"cs":{"120000":28824802,"150000":34187261,"180000":39552525,"210000":44926029,"240000":50302888,"270000":55687278,"30000":12742254,"300000":61074760,"60000":1810
1052,"90000":23464293},"pk":{"120000":280550525,"150000":318350525,"180000":356150525,"210000":494613821,"240000":532413821,"270000":570213821,"30000":91653053,"300000":608013821,"60000":154618877,"90000":19241887
7},"vk":{"120000":11524428,"150000":14404428,"180000":17284428,"210000":20164428,"240000":23044428,"270000":25924428,"30000":2884428,"300000":28804428,"60000":5764428,"90000":8644428}},"nym-increase-uniform":{"cs"
:{"120000":28798284,"150000":34151725,"180000":39505042,"210000":44858406,"240000":50218322,"270000":55571839,"30000":12727422,"300000":60925167,"60000":18085970,"90000":23439747},"pk":{"120000":280550525,"150000"
:318350525,"180000":356150525,"210000":494613821,"240000":532413821,"270000":570213821,"30000":91653053,"300000":608013821,"60000":154618877,"90000":192418877},"vk":{"120000":11524428,"150000":14404428,"180000":17
284428,"210000":20164428,"240000":23044428,"270000":25924428,"30000":2884428,"300000":28804428,"60000":5764428,"90000":8644428}},"period-increase-proportional":{"cs":{"180":48023845,"270":69202125,"90":26854439},"
pk":{"180":297836825,"270":376248605,"90":169093397},"vk":{"180":2898828,"270":2907468,"90":2890188}},"period-increase-uniform":{"cs":{"180":48023323,"270":69207936,"360":90371864,"450":111465737,"540":132607581,"
630":153781688,"720":174924992,"810":196095541,"90":26851622,"900":218422332},"pk":{"180":297836825,"270":376248605,"360":454660385,"450":633735461,"540":712147241,"630":790559021,"720":868970801,"810":947382581,"
90":169093397,"900":1227120953},"vk":{"180":2898828,"270":2907468,"360":2916108,"450":2924748,"540":2933388,"630":2942028,"720":2950668,"810":2959308,"90":2890188,"900":2967948}}}
search key at ./update_verifier-period-increase-proportional--360.meta.json
compile skip
{"env":{"default":{"alpha":1,"baseNymNum":30000,"basePeriodNum":30,"beta":3}},"nym-increase-gaussian":{"cs":{"120000":28852754,"150000":34235104,"180000":39629781,"210000":45018242,"240000":50407252,"270000":55796
471,"30000":12750843,"300000":61186629,"60000":18115323,"90000":23478537},"pk":{"120000":280550525,"150000":318350525,"180000":356150525,"210000":494613821,"240000":532413821,"270000":570213821,"30000":91653053,"3
00000":608013821,"60000":154618877,"90000":192418877},"vk":{"120000":11524428,"150000":14404428,"180000":17284428,"210000":20164428,"240000":23044428,"270000":25924428,"30000":2884428,"300000":28804428,"60000":576
4428,"90000":8644428}},"nym-increase-proportional":{"cs":{"120000":28824802,"150000":34187261,"180000":39552525,"210000":44926029,"240000":50302888,"270000":55687278,"30000":12742254,"300000":61074760,"60000":1810
1052,"90000":23464293},"pk":{"120000":280550525,"150000":318350525,"180000":356150525,"210000":494613821,"240000":532413821,"270000":570213821,"30000":91653053,"300000":608013821,"60000":154618877,"90000":19241887
7},"vk":{"120000":11524428,"150000":14404428,"180000":17284428,"210000":20164428,"240000":23044428,"270000":25924428,"30000":2884428,"300000":28804428,"60000":5764428,"90000":8644428}},"nym-increase-uniform":{"cs"
:{"120000":28798284,"150000":34151725,"180000":39505042,"210000":44858406,"240000":50218322,"270000":55571839,"30000":12727422,"300000":60925167,"60000":18085970,"90000":23439747},"pk":{"120000":280550525,"150000"
:318350525,"180000":356150525,"210000":494613821,"240000":532413821,"270000":570213821,"30000":91653053,"300000":608013821,"60000":154618877,"90000":192418877},"vk":{"120000":11524428,"150000":14404428,"180000":17
284428,"210000":20164428,"240000":23044428,"270000":25924428,"30000":2884428,"300000":28804428,"60000":5764428,"90000":8644428}},"period-increase-proportional":{"cs":{"180":48023845,"270":69202125,"360":90343979,"
90":26854439},"pk":{"180":297836825,"270":376248605,"360":454660385,"90":169093397},"vk":{"180":2898828,"270":2907468,"360":2916108,"90":2890188}},"period-increase-uniform":{"cs":{"180":48023323,"270":69207936,"36
0":90371864,"450":111465737,"540":132607581,"630":153781688,"720":174924992,"810":196095541,"90":26851622,"900":218422332},"pk":{"180":297836825,"270":376248605,"360":454660385,"450":633735461,"540":712147241,"630
":790559021,"720":868970801,"810":947382581,"90":169093397,"900":1227120953},"vk":{"180":2898828,"270":2907468,"360":2916108,"450":2924748,"540":2933388,"630":2942028,"720":2950668,"810":2959308,"90":2890188,"900"
:2967948}}}
search key at ./update_verifier-period-increase-proportional--450.meta.json
compile skip
{"env":{"default":{"alpha":1,"baseNymNum":30000,"basePeriodNum":30,"beta":3}},"nym-increase-gaussian":{"cs":{"120000":28852754,"150000":34235104,"180000":39629781,"210000":45018242,"240000":50407252,"270000":55796
471,"30000":12750843,"300000":61186629,"60000":18115323,"90000":23478537},"pk":{"120000":280550525,"150000":318350525,"180000":356150525,"210000":494613821,"240000":532413821,"270000":570213821,"30000":91653053,"3
00000":608013821,"60000":154618877,"90000":192418877},"vk":{"120000":11524428,"150000":14404428,"180000":17284428,"210000":20164428,"240000":23044428,"270000":25924428,"30000":2884428,"300000":28804428,"60000":576
4428,"90000":8644428}},"nym-increase-proportional":{"cs":{"120000":28824802,"150000":34187261,"180000":39552525,"210000":44926029,"240000":50302888,"270000":55687278,"30000":12742254,"300000":61074760,"60000":1810
1052,"90000":23464293},"pk":{"120000":280550525,"150000":318350525,"180000":356150525,"210000":494613821,"240000":532413821,"270000":570213821,"30000":91653053,"300000":608013821,"60000":154618877,"90000":19241887
7},"vk":{"120000":11524428,"150000":14404428,"180000":17284428,"210000":20164428,"240000":23044428,"270000":25924428,"30000":2884428,"300000":28804428,"60000":5764428,"90000":8644428}},"nym-increase-uniform":{"cs"
:{"120000":28798284,"150000":34151725,"180000":39505042,"210000":44858406,"240000":50218322,"270000":55571839,"30000":12727422,"300000":60925167,"60000":18085970,"90000":23439747},"pk":{"120000":280550525,"150000"
:318350525,"180000":356150525,"210000":494613821,"240000":532413821,"270000":570213821,"30000":91653053,"300000":608013821,"60000":154618877,"90000":192418877},"vk":{"120000":11524428,"150000":14404428,"180000":17
284428,"210000":20164428,"240000":23044428,"270000":25924428,"30000":2884428,"300000":28804428,"60000":5764428,"90000":8644428}},"period-increase-proportional":{"cs":{"180":48023845,"270":69202125,"360":90343979,"
450":111507286,"90":26854439},"pk":{"180":297836825,"270":376248605,"360":454660385,"450":633735461,"90":169093397},"vk":{"180":2898828,"270":2907468,"360":2916108,"450":2924748,"90":2890188}},"period-increase-uni
form":{"cs":{"180":48023323,"270":69207936,"360":90371864,"450":111465737,"540":132607581,"630":153781688,"720":174924992,"810":196095541,"90":26851622,"900":218422332},"pk":{"180":297836825,"270":376248605,"360":
454660385,"450":633735461,"540":712147241,"630":790559021,"720":868970801,"810":947382581,"90":169093397,"900":1227120953},"vk":{"180":2898828,"270":2907468,"360":2916108,"450":2924748,"540":2933388,"630":2942028,
"720":2950668,"810":2959308,"90":2890188,"900":2967948}}}
search key at ./update_verifier-period-increase-proportional--540.meta.json
compile skip
{"env":{"default":{"alpha":1,"baseNymNum":30000,"basePeriodNum":30,"beta":3}},"nym-increase-gaussian":{"cs":{"120000":28852754,"150000":34235104,"180000":39629781,"210000":45018242,"240000":50407252,"270000":55796
471,"30000":12750843,"300000":61186629,"60000":18115323,"90000":23478537},"pk":{"120000":280550525,"150000":318350525,"180000":356150525,"210000":494613821,"240000":532413821,"270000":570213821,"30000":91653053,"3
00000":608013821,"60000":154618877,"90000":192418877},"vk":{"120000":11524428,"150000":14404428,"180000":17284428,"210000":20164428,"240000":23044428,"270000":25924428,"30000":2884428,"300000":28804428,"60000":576
4428,"90000":8644428}},"nym-increase-proportional":{"cs":{"120000":28824802,"150000":34187261,"180000":39552525,"210000":44926029,"240000":50302888,"270000":55687278,"30000":12742254,"300000":61074760,"60000":1810
1052,"90000":23464293},"pk":{"120000":280550525,"150000":318350525,"180000":356150525,"210000":494613821,"240000":532413821,"270000":570213821,"30000":91653053,"300000":608013821,"60000":154618877,"90000":19241887
7},"vk":{"120000":11524428,"150000":14404428,"180000":17284428,"210000":20164428,"240000":23044428,"270000":25924428,"30000":2884428,"300000":28804428,"60000":5764428,"90000":8644428}},"nym-increase-uniform":{"cs"
:{"120000":28798284,"150000":34151725,"180000":39505042,"210000":44858406,"240000":50218322,"270000":55571839,"30000":12727422,"300000":60925167,"60000":18085970,"90000":23439747},"pk":{"120000":280550525,"150000"
:318350525,"180000":356150525,"210000":494613821,"240000":532413821,"270000":570213821,"30000":91653053,"300000":608013821,"60000":154618877,"90000":192418877},"vk":{"120000":11524428,"150000":14404428,"180000":17
284428,"210000":20164428,"240000":23044428,"270000":25924428,"30000":2884428,"300000":28804428,"60000":5764428,"90000":8644428}},"period-increase-proportional":{"cs":{"180":48023845,"270":69202125,"360":90343979,"
450":111507286,"540":132640890,"90":26854439},"pk":{"180":297836825,"270":376248605,"360":454660385,"450":633735461,"540":712147241,"90":169093397},"vk":{"180":2898828,"270":2907468,"360":2916108,"450":2924748,"54
0":2933388,"90":2890188}},"period-increase-uniform":{"cs":{"180":48023323,"270":69207936,"360":90371864,"450":111465737,"540":132607581,"630":153781688,"720":174924992,"810":196095541,"90":26851622,"900":218422332
},"pk":{"180":297836825,"270":376248605,"360":454660385,"450":633735461,"540":712147241,"630":790559021,"720":868970801,"810":947382581,"90":169093397,"900":1227120953},"vk":{"180":2898828,"270":2907468,"360":2916
108,"450":2924748,"540":2933388,"630":2942028,"720":2950668,"810":2959308,"90":2890188,"900":2967948}}}
search key at ./update_verifier-period-increase-proportional--630.meta.json
compile skip
{"env":{"default":{"alpha":1,"baseNymNum":30000,"basePeriodNum":30,"beta":3}},"nym-increase-gaussian":{"cs":{"120000":28852754,"150000":34235104,"180000":39629781,"210000":45018242,"240000":50407252,"270000":55796
471,"30000":12750843,"300000":61186629,"60000":18115323,"90000":23478537},"pk":{"120000":280550525,"150000":318350525,"180000":356150525,"210000":494613821,"240000":532413821,"270000":570213821,"30000":91653053,"3
00000":608013821,"60000":154618877,"90000":192418877},"vk":{"120000":11524428,"150000":14404428,"180000":17284428,"210000":20164428,"240000":23044428,"270000":25924428,"30000":2884428,"300000":28804428,"60000":576
4428,"90000":8644428}},"nym-increase-proportional":{"cs":{"120000":28824802,"150000":34187261,"180000":39552525,"210000":44926029,"240000":50302888,"270000":55687278,"30000":12742254,"300000":61074760,"60000":1810
1052,"90000":23464293},"pk":{"120000":280550525,"150000":318350525,"180000":356150525,"210000":494613821,"240000":532413821,"270000":570213821,"30000":91653053,"300000":608013821,"60000":154618877,"90000":19241887
7},"vk":{"120000":11524428,"150000":14404428,"180000":17284428,"210000":20164428,"240000":23044428,"270000":25924428,"30000":2884428,"300000":28804428,"60000":5764428,"90000":8644428}},"nym-increase-uniform":{"cs"
:{"120000":28798284,"150000":34151725,"180000":39505042,"210000":44858406,"240000":50218322,"270000":55571839,"30000":12727422,"300000":60925167,"60000":18085970,"90000":23439747},"pk":{"120000":280550525,"150000"
:318350525,"180000":356150525,"210000":494613821,"240000":532413821,"270000":570213821,"30000":91653053,"300000":608013821,"60000":154618877,"90000":192418877},"vk":{"120000":11524428,"150000":14404428,"180000":17
284428,"210000":20164428,"240000":23044428,"270000":25924428,"30000":2884428,"300000":28804428,"60000":5764428,"90000":8644428}},"period-increase-proportional":{"cs":{"180":48023845,"270":69202125,"360":90343979,"
450":111507286,"540":132640890,"630":153797633,"90":26854439},"pk":{"180":297836825,"270":376248605,"360":454660385,"450":633735461,"540":712147241,"630":790559021,"90":169093397},"vk":{"180":2898828,"270":2907468
,"360":2916108,"450":2924748,"540":2933388,"630":2942028,"90":2890188}},"period-increase-uniform":{"cs":{"180":48023323,"270":69207936,"360":90371864,"450":111465737,"540":132607581,"630":153781688,"720":174924992
,"810":196095541,"90":26851622,"900":218422332},"pk":{"180":297836825,"270":376248605,"360":454660385,"450":633735461,"540":712147241,"630":790559021,"720":868970801,"810":947382581,"90":169093397,"900":1227120953
},"vk":{"180":2898828,"270":2907468,"360":2916108,"450":2924748,"540":2933388,"630":2942028,"720":2950668,"810":2959308,"90":2890188,"900":2967948}}}
search key at ./update_verifier-period-increase-proportional--720.meta.json
compile skip
{"env":{"default":{"alpha":1,"baseNymNum":30000,"basePeriodNum":30,"beta":3}},"nym-increase-gaussian":{"cs":{"120000":28852754,"150000":34235104,"180000":39629781,"210000":45018242,"240000":50407252,"270000":55796
471,"30000":12750843,"300000":61186629,"60000":18115323,"90000":23478537},"pk":{"120000":280550525,"150000":318350525,"180000":356150525,"210000":494613821,"240000":532413821,"270000":570213821,"30000":91653053,"3
00000":608013821,"60000":154618877,"90000":192418877},"vk":{"120000":11524428,"150000":14404428,"180000":17284428,"210000":20164428,"240000":23044428,"270000":25924428,"30000":2884428,"300000":28804428,"60000":576
4428,"90000":8644428}},"nym-increase-proportional":{"cs":{"120000":28824802,"150000":34187261,"180000":39552525,"210000":44926029,"240000":50302888,"270000":55687278,"30000":12742254,"300000":61074760,"60000":1810
1052,"90000":23464293},"pk":{"120000":280550525,"150000":318350525,"180000":356150525,"210000":494613821,"240000":532413821,"270000":570213821,"30000":91653053,"300000":608013821,"60000":154618877,"90000":19241887
7},"vk":{"120000":11524428,"150000":14404428,"180000":17284428,"210000":20164428,"240000":23044428,"270000":25924428,"30000":2884428,"300000":28804428,"60000":5764428,"90000":8644428}},"nym-increase-uniform":{"cs"
:{"120000":28798284,"150000":34151725,"180000":39505042,"210000":44858406,"240000":50218322,"270000":55571839,"30000":12727422,"300000":60925167,"60000":18085970,"90000":23439747},"pk":{"120000":280550525,"150000"
:318350525,"180000":356150525,"210000":494613821,"240000":532413821,"270000":570213821,"30000":91653053,"300000":608013821,"60000":154618877,"90000":192418877},"vk":{"120000":11524428,"150000":14404428,"180000":17
284428,"210000":20164428,"240000":23044428,"270000":25924428,"30000":2884428,"300000":28804428,"60000":5764428,"90000":8644428}},"period-increase-proportional":{"cs":{"180":48023845,"270":69202125,"360":90343979,"
450":111507286,"540":132640890,"630":153797633,"720":174921602,"90":26854439},"pk":{"180":297836825,"270":376248605,"360":454660385,"450":633735461,"540":712147241,"630":790559021,"720":868970801,"90":169093397},"
vk":{"180":2898828,"270":2907468,"360":2916108,"450":2924748,"540":2933388,"630":2942028,"720":2950668,"90":2890188}},"period-increase-uniform":{"cs":{"180":48023323,"270":69207936,"360":90371864,"450":111465737,"
540":132607581,"630":153781688,"720":174924992,"810":196095541,"90":26851622,"900":218422332},"pk":{"180":297836825,"270":376248605,"360":454660385,"450":633735461,"540":712147241,"630":790559021,"720":868970801,"
810":947382581,"90":169093397,"900":1227120953},"vk":{"180":2898828,"270":2907468,"360":2916108,"450":2924748,"540":2933388,"630":2942028,"720":2950668,"810":2959308,"90":2890188,"900":2967948}}}
search key at ./update_verifier-period-increase-proportional--810.meta.json
compile skip
{"env":{"default":{"alpha":1,"baseNymNum":30000,"basePeriodNum":30,"beta":3}},"nym-increase-gaussian":{"cs":{"120000":28852754,"150000":34235104,"180000":39629781,"210000":45018242,"240000":50407252,"270000":55796
471,"30000":12750843,"300000":61186629,"60000":18115323,"90000":23478537},"pk":{"120000":280550525,"150000":318350525,"180000":356150525,"210000":494613821,"240000":532413821,"270000":570213821,"30000":91653053,"3
00000":608013821,"60000":154618877,"90000":192418877},"vk":{"120000":11524428,"150000":14404428,"180000":17284428,"210000":20164428,"240000":23044428,"270000":25924428,"30000":2884428,"300000":28804428,"60000":576
4428,"90000":8644428}},"nym-increase-proportional":{"cs":{"120000":28824802,"150000":34187261,"180000":39552525,"210000":44926029,"240000":50302888,"270000":55687278,"30000":12742254,"300000":61074760,"60000":1810
1052,"90000":23464293},"pk":{"120000":280550525,"150000":318350525,"180000":356150525,"210000":494613821,"240000":532413821,"270000":570213821,"30000":91653053,"300000":608013821,"60000":154618877,"90000":19241887
7},"vk":{"120000":11524428,"150000":14404428,"180000":17284428,"210000":20164428,"240000":23044428,"270000":25924428,"30000":2884428,"300000":28804428,"60000":5764428,"90000":8644428}},"nym-increase-uniform":{"cs"
:{"120000":28798284,"150000":34151725,"180000":39505042,"210000":44858406,"240000":50218322,"270000":55571839,"30000":12727422,"300000":60925167,"60000":18085970,"90000":23439747},"pk":{"120000":280550525,"150000"
:318350525,"180000":356150525,"210000":494613821,"240000":532413821,"270000":570213821,"30000":91653053,"300000":608013821,"60000":154618877,"90000":192418877},"vk":{"120000":11524428,"150000":14404428,"180000":17
284428,"210000":20164428,"240000":23044428,"270000":25924428,"30000":2884428,"300000":28804428,"60000":5764428,"90000":8644428}},"period-increase-proportional":{"cs":{"180":48023845,"270":69202125,"360":90343979,"
450":111507286,"540":132640890,"630":153797633,"720":174921602,"810":196071636,"90":26854439},"pk":{"180":297836825,"270":376248605,"360":454660385,"450":633735461,"540":712147241,"630":790559021,"720":868970801,"
810":947382581,"90":169093397},"vk":{"180":2898828,"270":2907468,"360":2916108,"450":2924748,"540":2933388,"630":2942028,"720":2950668,"810":2959308,"90":2890188}},"period-increase-uniform":{"cs":{"180":48023323,"
270":69207936,"360":90371864,"450":111465737,"540":132607581,"630":153781688,"720":174924992,"810":196095541,"90":26851622,"900":218422332},"pk":{"180":297836825,"270":376248605,"360":454660385,"450":633735461,"54
0":712147241,"630":790559021,"720":868970801,"810":947382581,"90":169093397,"900":1227120953},"vk":{"180":2898828,"270":2907468,"360":2916108,"450":2924748,"540":2933388,"630":2942028,"720":2950668,"810":2959308,"
90":2890188,"900":2967948}}}
search key at ./update_verifier-period-increase-proportional--900.meta.json
compile skip
{"env":{"default":{"alpha":1,"baseNymNum":30000,"basePeriodNum":30,"beta":3}},"nym-increase-gaussian":{"cs":{"120000":28852754,"150000":34235104,"180000":39629781,"210000":45018242,"240000":50407252,"270000":55796
471,"30000":12750843,"300000":61186629,"60000":18115323,"90000":23478537},"pk":{"120000":280550525,"150000":318350525,"180000":356150525,"210000":494613821,"240000":532413821,"270000":570213821,"30000":91653053,"3
00000":608013821,"60000":154618877,"90000":192418877},"vk":{"120000":11524428,"150000":14404428,"180000":17284428,"210000":20164428,"240000":23044428,"270000":25924428,"30000":2884428,"300000":28804428,"60000":576
4428,"90000":8644428}},"nym-increase-proportional":{"cs":{"120000":28824802,"150000":34187261,"180000":39552525,"210000":44926029,"240000":50302888,"270000":55687278,"30000":12742254,"300000":61074760,"60000":1810
1052,"90000":23464293},"pk":{"120000":280550525,"150000":318350525,"180000":356150525,"210000":494613821,"240000":532413821,"270000":570213821,"30000":91653053,"300000":608013821,"60000":154618877,"90000":19241887
7},"vk":{"120000":11524428,"150000":14404428,"180000":17284428,"210000":20164428,"240000":23044428,"270000":25924428,"30000":2884428,"300000":28804428,"60000":5764428,"90000":8644428}},"nym-increase-uniform":{"cs"
:{"120000":28798284,"150000":34151725,"180000":39505042,"210000":44858406,"240000":50218322,"270000":55571839,"30000":12727422,"300000":60925167,"60000":18085970,"90000":23439747},"pk":{"120000":280550525,"150000"
:318350525,"180000":356150525,"210000":494613821,"240000":532413821,"270000":570213821,"30000":91653053,"300000":608013821,"60000":154618877,"90000":192418877},"vk":{"120000":11524428,"150000":14404428,"180000":17
284428,"210000":20164428,"240000":23044428,"270000":25924428,"30000":2884428,"300000":28804428,"60000":5764428,"90000":8644428}},"period-increase-proportional":{"cs":{"180":48023845,"270":69202125,"360":90343979,"
450":111507286,"540":132640890,"630":153797633,"720":174921602,"810":196071636,"90":26854439,"900":218324885},"pk":{"180":297836825,"270":376248605,"360":454660385,"450":633735461,"540":712147241,"630":790559021,"
720":868970801,"810":947382581,"90":169093397,"900":1227120953},"vk":{"180":2898828,"270":2907468,"360":2916108,"450":2924748,"540":2933388,"630":2942028,"720":2950668,"810":2959308,"90":2890188,"900":2967948}},"p
eriod-increase-uniform":{"cs":{"180":48023323,"270":69207936,"360":90371864,"450":111465737,"540":132607581,"630":153781688,"720":174924992,"810":196095541,"90":26851622,"900":218422332},"pk":{"180":297836825,"270
":376248605,"360":454660385,"450":633735461,"540":712147241,"630":790559021,"720":868970801,"810":947382581,"90":169093397,"900":1227120953},"vk":{"180":2898828,"270":2907468,"360":2916108,"450":2924748,"540":2933
388,"630":2942028,"720":2950668,"810":2959308,"90":2890188,"900":2967948}}}
search key at ./update_verifier-period-increase-gaussian--90.meta.json
compile skip
{"env":{"default":{"alpha":1,"baseNymNum":30000,"basePeriodNum":30,"beta":3}},"nym-increase-gaussian":{"cs":{"120000":28852754,"150000":34235104,"180000":39629781,"210000":45018242,"240000":50407252,"270000":55796
471,"30000":12750843,"300000":61186629,"60000":18115323,"90000":23478537},"pk":{"120000":280550525,"150000":318350525,"180000":356150525,"210000":494613821,"240000":532413821,"270000":570213821,"30000":91653053,"3
00000":608013821,"60000":154618877,"90000":192418877},"vk":{"120000":11524428,"150000":14404428,"180000":17284428,"210000":20164428,"240000":23044428,"270000":25924428,"30000":2884428,"300000":28804428,"60000":576
4428,"90000":8644428}},"nym-increase-proportional":{"cs":{"120000":28824802,"150000":34187261,"180000":39552525,"210000":44926029,"240000":50302888,"270000":55687278,"30000":12742254,"300000":61074760,"60000":1810
1052,"90000":23464293},"pk":{"120000":280550525,"150000":318350525,"180000":356150525,"210000":494613821,"240000":532413821,"270000":570213821,"30000":91653053,"300000":608013821,"60000":154618877,"90000":19241887
7},"vk":{"120000":11524428,"150000":14404428,"180000":17284428,"210000":20164428,"240000":23044428,"270000":25924428,"30000":2884428,"300000":28804428,"60000":5764428,"90000":8644428}},"nym-increase-uniform":{"cs"
:{"120000":28798284,"150000":34151725,"180000":39505042,"210000":44858406,"240000":50218322,"270000":55571839,"30000":12727422,"300000":60925167,"60000":18085970,"90000":23439747},"pk":{"120000":280550525,"150000"
:318350525,"180000":356150525,"210000":494613821,"240000":532413821,"270000":570213821,"30000":91653053,"300000":608013821,"60000":154618877,"90000":192418877},"vk":{"120000":11524428,"150000":14404428,"180000":17
284428,"210000":20164428,"240000":23044428,"270000":25924428,"30000":2884428,"300000":28804428,"60000":5764428,"90000":8644428}},"period-increase-gaussian":{"cs":{"90":26849688},"pk":{"90":169093397},"vk":{"90":28
90188}},"period-increase-proportional":{"cs":{"180":48023845,"270":69202125,"360":90343979,"450":111507286,"540":132640890,"630":153797633,"720":174921602,"810":196071636,"90":26854439,"900":218324885},"pk":{"180"
:297836825,"270":376248605,"360":454660385,"450":633735461,"540":712147241,"630":790559021,"720":868970801,"810":947382581,"90":169093397,"900":1227120953},"vk":{"180":2898828,"270":2907468,"360":2916108,"450":292
4748,"540":2933388,"630":2942028,"720":2950668,"810":2959308,"90":2890188,"900":2967948}},"period-increase-uniform":{"cs":{"180":48023323,"270":69207936,"360":90371864,"450":111465737,"540":132607581,"630":1537816
88,"720":174924992,"810":196095541,"90":26851622,"900":218422332},"pk":{"180":297836825,"270":376248605,"360":454660385,"450":633735461,"540":712147241,"630":790559021,"720":868970801,"810":947382581,"90":16909339
7,"900":1227120953},"vk":{"180":2898828,"270":2907468,"360":2916108,"450":2924748,"540":2933388,"630":2942028,"720":2950668,"810":2959308,"90":2890188,"900":2967948}}}
search key at ./update_verifier-period-increase-gaussian--180.meta.json
compile skip
{"env":{"default":{"alpha":1,"baseNymNum":30000,"basePeriodNum":30,"beta":3}},"nym-increase-gaussian":{"cs":{"120000":28852754,"150000":34235104,"180000":39629781,"210000":45018242,"240000":50407252,"270000":55796
471,"30000":12750843,"300000":61186629,"60000":18115323,"90000":23478537},"pk":{"120000":280550525,"150000":318350525,"180000":356150525,"210000":494613821,"240000":532413821,"270000":570213821,"30000":91653053,"3
00000":608013821,"60000":154618877,"90000":192418877},"vk":{"120000":11524428,"150000":14404428,"180000":17284428,"210000":20164428,"240000":23044428,"270000":25924428,"30000":2884428,"300000":28804428,"60000":576
4428,"90000":8644428}},"nym-increase-proportional":{"cs":{"120000":28824802,"150000":34187261,"180000":39552525,"210000":44926029,"240000":50302888,"270000":55687278,"30000":12742254,"300000":61074760,"60000":1810
1052,"90000":23464293},"pk":{"120000":280550525,"150000":318350525,"180000":356150525,"210000":494613821,"240000":532413821,"270000":570213821,"30000":91653053,"300000":608013821,"60000":154618877,"90000":19241887
7},"vk":{"120000":11524428,"150000":14404428,"180000":17284428,"210000":20164428,"240000":23044428,"270000":25924428,"30000":2884428,"300000":28804428,"60000":5764428,"90000":8644428}},"nym-increase-uniform":{"cs"
:{"120000":28798284,"150000":34151725,"180000":39505042,"210000":44858406,"240000":50218322,"270000":55571839,"30000":12727422,"300000":60925167,"60000":18085970,"90000":23439747},"pk":{"120000":280550525,"150000"
:318350525,"180000":356150525,"210000":494613821,"240000":532413821,"270000":570213821,"30000":91653053,"300000":608013821,"60000":154618877,"90000":192418877},"vk":{"120000":11524428,"150000":14404428,"180000":17
284428,"210000":20164428,"240000":23044428,"270000":25924428,"30000":2884428,"300000":28804428,"60000":5764428,"90000":8644428}},"period-increase-gaussian":{"cs":{"180":48015755,"90":26849688},"pk":{"180":29783682
5,"90":169093397},"vk":{"180":2898828,"90":2890188}},"period-increase-proportional":{"cs":{"180":48023845,"270":69202125,"360":90343979,"450":111507286,"540":132640890,"630":153797633,"720":174921602,"810":1960716
36,"90":26854439,"900":218324885},"pk":{"180":297836825,"270":376248605,"360":454660385,"450":633735461,"540":712147241,"630":790559021,"720":868970801,"810":947382581,"90":169093397,"900":1227120953},"vk":{"180":
2898828,"270":2907468,"360":2916108,"450":2924748,"540":2933388,"630":2942028,"720":2950668,"810":2959308,"90":2890188,"900":2967948}},"period-increase-uniform":{"cs":{"180":48023323,"270":69207936,"360":90371864,
"450":111465737,"540":132607581,"630":153781688,"720":174924992,"810":196095541,"90":26851622,"900":218422332},"pk":{"180":297836825,"270":376248605,"360":454660385,"450":633735461,"540":712147241,"630":790559021,
"720":868970801,"810":947382581,"90":169093397,"900":1227120953},"vk":{"180":2898828,"270":2907468,"360":2916108,"450":2924748,"540":2933388,"630":2942028,"720":2950668,"810":2959308,"90":2890188,"900":2967948}}}
search key at ./update_verifier-period-increase-gaussian--270.meta.json
compile skip
{"env":{"default":{"alpha":1,"baseNymNum":30000,"basePeriodNum":30,"beta":3}},"nym-increase-gaussian":{"cs":{"120000":28852754,"150000":34235104,"180000":39629781,"210000":45018242,"240000":50407252,"270000":55796
471,"30000":12750843,"300000":61186629,"60000":18115323,"90000":23478537},"pk":{"120000":280550525,"150000":318350525,"180000":356150525,"210000":494613821,"240000":532413821,"270000":570213821,"30000":91653053,"3
00000":608013821,"60000":154618877,"90000":192418877},"vk":{"120000":11524428,"150000":14404428,"180000":17284428,"210000":20164428,"240000":23044428,"270000":25924428,"30000":2884428,"300000":28804428,"60000":576
4428,"90000":8644428}},"nym-increase-proportional":{"cs":{"120000":28824802,"150000":34187261,"180000":39552525,"210000":44926029,"240000":50302888,"270000":55687278,"30000":12742254,"300000":61074760,"60000":1810
1052,"90000":23464293},"pk":{"120000":280550525,"150000":318350525,"180000":356150525,"210000":494613821,"240000":532413821,"270000":570213821,"30000":91653053,"300000":608013821,"60000":154618877,"90000":19241887
7},"vk":{"120000":11524428,"150000":14404428,"180000":17284428,"210000":20164428,"240000":23044428,"270000":25924428,"30000":2884428,"300000":28804428,"60000":5764428,"90000":8644428}},"nym-increase-uniform":{"cs"
:{"120000":28798284,"150000":34151725,"180000":39505042,"210000":44858406,"240000":50218322,"270000":55571839,"30000":12727422,"300000":60925167,"60000":18085970,"90000":23439747},"pk":{"120000":280550525,"150000"
:318350525,"180000":356150525,"210000":494613821,"240000":532413821,"270000":570213821,"30000":91653053,"300000":608013821,"60000":154618877,"90000":192418877},"vk":{"120000":11524428,"150000":14404428,"180000":17
284428,"210000":20164428,"240000":23044428,"270000":25924428,"30000":2884428,"300000":28804428,"60000":5764428,"90000":8644428}},"period-increase-gaussian":{"cs":{"180":48015755,"270":69185990,"90":26849688},"pk":
{"180":297836825,"270":376248605,"90":169093397},"vk":{"180":2898828,"270":2907468,"90":2890188}},"period-increase-proportional":{"cs":{"180":48023845,"270":69202125,"360":90343979,"450":111507286,"540":132640890,
"630":153797633,"720":174921602,"810":196071636,"90":26854439,"900":218324885},"pk":{"180":297836825,"270":376248605,"360":454660385,"450":633735461,"540":712147241,"630":790559021,"720":868970801,"810":947382581,
"90":169093397,"900":1227120953},"vk":{"180":2898828,"270":2907468,"360":2916108,"450":2924748,"540":2933388,"630":2942028,"720":2950668,"810":2959308,"90":2890188,"900":2967948}},"period-increase-uniform":{"cs":{
"180":48023323,"270":69207936,"360":90371864,"450":111465737,"540":132607581,"630":153781688,"720":174924992,"810":196095541,"90":26851622,"900":218422332},"pk":{"180":297836825,"270":376248605,"360":454660385,"45
0":633735461,"540":712147241,"630":790559021,"720":868970801,"810":947382581,"90":169093397,"900":1227120953},"vk":{"180":2898828,"270":2907468,"360":2916108,"450":2924748,"540":2933388,"630":2942028,"720":2950668
,"810":2959308,"90":2890188,"900":2967948}}}
search key at ./update_verifier-period-increase-gaussian--360.meta.json
compile skip
{"env":{"default":{"alpha":1,"baseNymNum":30000,"basePeriodNum":30,"beta":3}},"nym-increase-gaussian":{"cs":{"120000":28852754,"150000":34235104,"180000":39629781,"210000":45018242,"240000":50407252,"270000":55796
471,"30000":12750843,"300000":61186629,"60000":18115323,"90000":23478537},"pk":{"120000":280550525,"150000":318350525,"180000":356150525,"210000":494613821,"240000":532413821,"270000":570213821,"30000":91653053,"3
00000":608013821,"60000":154618877,"90000":192418877},"vk":{"120000":11524428,"150000":14404428,"180000":17284428,"210000":20164428,"240000":23044428,"270000":25924428,"30000":2884428,"300000":28804428,"60000":576
4428,"90000":8644428}},"nym-increase-proportional":{"cs":{"120000":28824802,"150000":34187261,"180000":39552525,"210000":44926029,"240000":50302888,"270000":55687278,"30000":12742254,"300000":61074760,"60000":1810
1052,"90000":23464293},"pk":{"120000":280550525,"150000":318350525,"180000":356150525,"210000":494613821,"240000":532413821,"270000":570213821,"30000":91653053,"300000":608013821,"60000":154618877,"90000":19241887
7},"vk":{"120000":11524428,"150000":14404428,"180000":17284428,"210000":20164428,"240000":23044428,"270000":25924428,"30000":2884428,"300000":28804428,"60000":5764428,"90000":8644428}},"nym-increase-uniform":{"cs"
:{"120000":28798284,"150000":34151725,"180000":39505042,"210000":44858406,"240000":50218322,"270000":55571839,"30000":12727422,"300000":60925167,"60000":18085970,"90000":23439747},"pk":{"120000":280550525,"150000"
:318350525,"180000":356150525,"210000":494613821,"240000":532413821,"270000":570213821,"30000":91653053,"300000":608013821,"60000":154618877,"90000":192418877},"vk":{"120000":11524428,"150000":14404428,"180000":17
284428,"210000":20164428,"240000":23044428,"270000":25924428,"30000":2884428,"300000":28804428,"60000":5764428,"90000":8644428}},"period-increase-gaussian":{"cs":{"180":48015755,"270":69185990,"360":90325638,"90":
26849688},"pk":{"180":297836825,"270":376248605,"360":454660385,"90":169093397},"vk":{"180":2898828,"270":2907468,"360":2916108,"90":2890188}},"period-increase-proportional":{"cs":{"180":48023845,"270":69202125,"3
60":90343979,"450":111507286,"540":132640890,"630":153797633,"720":174921602,"810":196071636,"90":26854439,"900":218324885},"pk":{"180":297836825,"270":376248605,"360":454660385,"450":633735461,"540":712147241,"63
0":790559021,"720":868970801,"810":947382581,"90":169093397,"900":1227120953},"vk":{"180":2898828,"270":2907468,"360":2916108,"450":2924748,"540":2933388,"630":2942028,"720":2950668,"810":2959308,"90":2890188,"900
":2967948}},"period-increase-uniform":{"cs":{"180":48023323,"270":69207936,"360":90371864,"450":111465737,"540":132607581,"630":153781688,"720":174924992,"810":196095541,"90":26851622,"900":218422332},"pk":{"180":
297836825,"270":376248605,"360":454660385,"450":633735461,"540":712147241,"630":790559021,"720":868970801,"810":947382581,"90":169093397,"900":1227120953},"vk":{"180":2898828,"270":2907468,"360":2916108,"450":2924
748,"540":2933388,"630":2942028,"720":2950668,"810":2959308,"90":2890188,"900":2967948}}}
search key at ./update_verifier-period-increase-gaussian--450.meta.json
compile skip
{"env":{"default":{"alpha":1,"baseNymNum":30000,"basePeriodNum":30,"beta":3}},"nym-increase-gaussian":{"cs":{"120000":28852754,"150000":34235104,"180000":39629781,"210000":45018242,"240000":50407252,"270000":55796
471,"30000":12750843,"300000":61186629,"60000":18115323,"90000":23478537},"pk":{"120000":280550525,"150000":318350525,"180000":356150525,"210000":494613821,"240000":532413821,"270000":570213821,"30000":91653053,"3
00000":608013821,"60000":154618877,"90000":192418877},"vk":{"120000":11524428,"150000":14404428,"180000":17284428,"210000":20164428,"240000":23044428,"270000":25924428,"30000":2884428,"300000":28804428,"60000":576
4428,"90000":8644428}},"nym-increase-proportional":{"cs":{"120000":28824802,"150000":34187261,"180000":39552525,"210000":44926029,"240000":50302888,"270000":55687278,"30000":12742254,"300000":61074760,"60000":1810
1052,"90000":23464293},"pk":{"120000":280550525,"150000":318350525,"180000":356150525,"210000":494613821,"240000":532413821,"270000":570213821,"30000":91653053,"300000":608013821,"60000":154618877,"90000":19241887
7},"vk":{"120000":11524428,"150000":14404428,"180000":17284428,"210000":20164428,"240000":23044428,"270000":25924428,"30000":2884428,"300000":28804428,"60000":5764428,"90000":8644428}},"nym-increase-uniform":{"cs"
:{"120000":28798284,"150000":34151725,"180000":39505042,"210000":44858406,"240000":50218322,"270000":55571839,"30000":12727422,"300000":60925167,"60000":18085970,"90000":23439747},"pk":{"120000":280550525,"150000"
:318350525,"180000":356150525,"210000":494613821,"240000":532413821,"270000":570213821,"30000":91653053,"300000":608013821,"60000":154618877,"90000":192418877},"vk":{"120000":11524428,"150000":14404428,"180000":17
284428,"210000":20164428,"240000":23044428,"270000":25924428,"30000":2884428,"300000":28804428,"60000":5764428,"90000":8644428}},"period-increase-gaussian":{"cs":{"180":48015755,"270":69185990,"360":90325638,"450"
:111490193,"90":26849688},"pk":{"180":297836825,"270":376248605,"360":454660385,"450":633735461,"90":169093397},"vk":{"180":2898828,"270":2907468,"360":2916108,"450":2924748,"90":2890188}},"period-increase-proport
ional":{"cs":{"180":48023845,"270":69202125,"360":90343979,"450":111507286,"540":132640890,"630":153797633,"720":174921602,"810":196071636,"90":26854439,"900":218324885},"pk":{"180":297836825,"270":376248605,"360"
:454660385,"450":633735461,"540":712147241,"630":790559021,"720":868970801,"810":947382581,"90":169093397,"900":1227120953},"vk":{"180":2898828,"270":2907468,"360":2916108,"450":2924748,"540":2933388,"630":2942028
,"720":2950668,"810":2959308,"90":2890188,"900":2967948}},"period-increase-uniform":{"cs":{"180":48023323,"270":69207936,"360":90371864,"450":111465737,"540":132607581,"630":153781688,"720":174924992,"810":1960955
41,"90":26851622,"900":218422332},"pk":{"180":297836825,"270":376248605,"360":454660385,"450":633735461,"540":712147241,"630":790559021,"720":868970801,"810":947382581,"90":169093397,"900":1227120953},"vk":{"180":
2898828,"270":2907468,"360":2916108,"450":2924748,"540":2933388,"630":2942028,"720":2950668,"810":2959308,"90":2890188,"900":2967948}}}
search key at ./update_verifier-period-increase-gaussian--540.meta.json
compile skip
{"env":{"default":{"alpha":1,"baseNymNum":30000,"basePeriodNum":30,"beta":3}},"nym-increase-gaussian":{"cs":{"120000":28852754,"150000":34235104,"180000":39629781,"210000":45018242,"240000":50407252,"270000":55796
471,"30000":12750843,"300000":61186629,"60000":18115323,"90000":23478537},"pk":{"120000":280550525,"150000":318350525,"180000":356150525,"210000":494613821,"240000":532413821,"270000":570213821,"30000":91653053,"3
00000":608013821,"60000":154618877,"90000":192418877},"vk":{"120000":11524428,"150000":14404428,"180000":17284428,"210000":20164428,"240000":23044428,"270000":25924428,"30000":2884428,"300000":28804428,"60000":576
4428,"90000":8644428}},"nym-increase-proportional":{"cs":{"120000":28824802,"150000":34187261,"180000":39552525,"210000":44926029,"240000":50302888,"270000":55687278,"30000":12742254,"300000":61074760,"60000":1810
1052,"90000":23464293},"pk":{"120000":280550525,"150000":318350525,"180000":356150525,"210000":494613821,"240000":532413821,"270000":570213821,"30000":91653053,"300000":608013821,"60000":154618877,"90000":19241887
7},"vk":{"120000":11524428,"150000":14404428,"180000":17284428,"210000":20164428,"240000":23044428,"270000":25924428,"30000":2884428,"300000":28804428,"60000":5764428,"90000":8644428}},"nym-increase-uniform":{"cs"
:{"120000":28798284,"150000":34151725,"180000":39505042,"210000":44858406,"240000":50218322,"270000":55571839,"30000":12727422,"300000":60925167,"60000":18085970,"90000":23439747},"pk":{"120000":280550525,"150000"
:318350525,"180000":356150525,"210000":494613821,"240000":532413821,"270000":570213821,"30000":91653053,"300000":608013821,"60000":154618877,"90000":192418877},"vk":{"120000":11524428,"150000":14404428,"180000":17
284428,"210000":20164428,"240000":23044428,"270000":25924428,"30000":2884428,"300000":28804428,"60000":5764428,"90000":8644428}},"period-increase-gaussian":{"cs":{"180":48015755,"270":69185990,"360":90325638,"450"
:111490193,"540":132626833,"90":26849688},"pk":{"180":297836825,"270":376248605,"360":454660385,"450":633735461,"540":712147241,"90":169093397},"vk":{"180":2898828,"270":2907468,"360":2916108,"450":2924748,"540":2
933388,"90":2890188}},"period-increase-proportional":{"cs":{"180":48023845,"270":69202125,"360":90343979,"450":111507286,"540":132640890,"630":153797633,"720":174921602,"810":196071636,"90":26854439,"900":21832488
5},"pk":{"180":297836825,"270":376248605,"360":454660385,"450":633735461,"540":712147241,"630":790559021,"720":868970801,"810":947382581,"90":169093397,"900":1227120953},"vk":{"180":2898828,"270":2907468,"360":291
6108,"450":2924748,"540":2933388,"630":2942028,"720":2950668,"810":2959308,"90":2890188,"900":2967948}},"period-increase-uniform":{"cs":{"180":48023323,"270":69207936,"360":90371864,"450":111465737,"540":132607581
,"630":153781688,"720":174924992,"810":196095541,"90":26851622,"900":218422332},"pk":{"180":297836825,"270":376248605,"360":454660385,"450":633735461,"540":712147241,"630":790559021,"720":868970801,"810":947382581
,"90":169093397,"900":1227120953},"vk":{"180":2898828,"270":2907468,"360":2916108,"450":2924748,"540":2933388,"630":2942028,"720":2950668,"810":2959308,"90":2890188,"900":2967948}}}
search key at ./update_verifier-period-increase-gaussian--630.meta.json
compile skip
{"env":{"default":{"alpha":1,"baseNymNum":30000,"basePeriodNum":30,"beta":3}},"nym-increase-gaussian":{"cs":{"120000":28852754,"150000":34235104,"180000":39629781,"210000":45018242,"240000":50407252,"270000":55796
471,"30000":12750843,"300000":61186629,"60000":18115323,"90000":23478537},"pk":{"120000":280550525,"150000":318350525,"180000":356150525,"210000":494613821,"240000":532413821,"270000":570213821,"30000":91653053,"3
00000":608013821,"60000":154618877,"90000":192418877},"vk":{"120000":11524428,"150000":14404428,"180000":17284428,"210000":20164428,"240000":23044428,"270000":25924428,"30000":2884428,"300000":28804428,"60000":576
4428,"90000":8644428}},"nym-increase-proportional":{"cs":{"120000":28824802,"150000":34187261,"180000":39552525,"210000":44926029,"240000":50302888,"270000":55687278,"30000":12742254,"300000":61074760,"60000":1810
1052,"90000":23464293},"pk":{"120000":280550525,"150000":318350525,"180000":356150525,"210000":494613821,"240000":532413821,"270000":570213821,"30000":91653053,"300000":608013821,"60000":154618877,"90000":19241887
7},"vk":{"120000":11524428,"150000":14404428,"180000":17284428,"210000":20164428,"240000":23044428,"270000":25924428,"30000":2884428,"300000":28804428,"60000":5764428,"90000":8644428}},"nym-increase-uniform":{"cs"
:{"120000":28798284,"150000":34151725,"180000":39505042,"210000":44858406,"240000":50218322,"270000":55571839,"30000":12727422,"300000":60925167,"60000":18085970,"90000":23439747},"pk":{"120000":280550525,"150000"
:318350525,"180000":356150525,"210000":494613821,"240000":532413821,"270000":570213821,"30000":91653053,"300000":608013821,"60000":154618877,"90000":192418877},"vk":{"120000":11524428,"150000":14404428,"180000":17
284428,"210000":20164428,"240000":23044428,"270000":25924428,"30000":2884428,"300000":28804428,"60000":5764428,"90000":8644428}},"period-increase-gaussian":{"cs":{"180":48015755,"270":69185990,"360":90325638,"450"
:111490193,"540":132626833,"630":153788734,"90":26849688},"pk":{"180":297836825,"270":376248605,"360":454660385,"450":633735461,"540":712147241,"630":790559021,"90":169093397},"vk":{"180":2898828,"270":2907468,"36
0":2916108,"450":2924748,"540":2933388,"630":2942028,"90":2890188}},"period-increase-proportional":{"cs":{"180":48023845,"270":69202125,"360":90343979,"450":111507286,"540":132640890,"630":153797633,"720":17492160
2,"810":196071636,"90":26854439,"900":218324885},"pk":{"180":297836825,"270":376248605,"360":454660385,"450":633735461,"540":712147241,"630":790559021,"720":868970801,"810":947382581,"90":169093397,"900":122712095
3},"vk":{"180":2898828,"270":2907468,"360":2916108,"450":2924748,"540":2933388,"630":2942028,"720":2950668,"810":2959308,"90":2890188,"900":2967948}},"period-increase-uniform":{"cs":{"180":48023323,"270":69207936,
"360":90371864,"450":111465737,"540":132607581,"630":153781688,"720":174924992,"810":196095541,"90":26851622,"900":218422332},"pk":{"180":297836825,"270":376248605,"360":454660385,"450":633735461,"540":712147241,"
630":790559021,"720":868970801,"810":947382581,"90":169093397,"900":1227120953},"vk":{"180":2898828,"270":2907468,"360":2916108,"450":2924748,"540":2933388,"630":2942028,"720":2950668,"810":2959308,"90":2890188,"9
00":2967948}}}
search key at ./update_verifier-period-increase-gaussian--720.meta.json
compile skip
{"env":{"default":{"alpha":1,"baseNymNum":30000,"basePeriodNum":30,"beta":3}},"nym-increase-gaussian":{"cs":{"120000":28852754,"150000":34235104,"180000":39629781,"210000":45018242,"240000":50407252,"270000":55796
471,"30000":12750843,"300000":61186629,"60000":18115323,"90000":23478537},"pk":{"120000":280550525,"150000":318350525,"180000":356150525,"210000":494613821,"240000":532413821,"270000":570213821,"30000":91653053,"3
00000":608013821,"60000":154618877,"90000":192418877},"vk":{"120000":11524428,"150000":14404428,"180000":17284428,"210000":20164428,"240000":23044428,"270000":25924428,"30000":2884428,"300000":28804428,"60000":576
4428,"90000":8644428}},"nym-increase-proportional":{"cs":{"120000":28824802,"150000":34187261,"180000":39552525,"210000":44926029,"240000":50302888,"270000":55687278,"30000":12742254,"300000":61074760,"60000":1810
1052,"90000":23464293},"pk":{"120000":280550525,"150000":318350525,"180000":356150525,"210000":494613821,"240000":532413821,"270000":570213821,"30000":91653053,"300000":608013821,"60000":154618877,"90000":19241887
7},"vk":{"120000":11524428,"150000":14404428,"180000":17284428,"210000":20164428,"240000":23044428,"270000":25924428,"30000":2884428,"300000":28804428,"60000":5764428,"90000":8644428}},"nym-increase-uniform":{"cs"
:{"120000":28798284,"150000":34151725,"180000":39505042,"210000":44858406,"240000":50218322,"270000":55571839,"30000":12727422,"300000":60925167,"60000":18085970,"90000":23439747},"pk":{"120000":280550525,"150000"
:318350525,"180000":356150525,"210000":494613821,"240000":532413821,"270000":570213821,"30000":91653053,"300000":608013821,"60000":154618877,"90000":192418877},"vk":{"120000":11524428,"150000":14404428,"180000":17
284428,"210000":20164428,"240000":23044428,"270000":25924428,"30000":2884428,"300000":28804428,"60000":5764428,"90000":8644428}},"period-increase-gaussian":{"cs":{"180":48015755,"270":69185990,"360":90325638,"450"
:111490193,"540":132626833,"630":153788734,"720":174922690,"90":26849688},"pk":{"180":297836825,"270":376248605,"360":454660385,"450":633735461,"540":712147241,"630":790559021,"720":868970801,"90":169093397},"vk":
{"180":2898828,"270":2907468,"360":2916108,"450":2924748,"540":2933388,"630":2942028,"720":2950668,"90":2890188}},"period-increase-proportional":{"cs":{"180":48023845,"270":69202125,"360":90343979,"450":111507286,
"540":132640890,"630":153797633,"720":174921602,"810":196071636,"90":26854439,"900":218324885},"pk":{"180":297836825,"270":376248605,"360":454660385,"450":633735461,"540":712147241,"630":790559021,"720":868970801,
"810":947382581,"90":169093397,"900":1227120953},"vk":{"180":2898828,"270":2907468,"360":2916108,"450":2924748,"540":2933388,"630":2942028,"720":2950668,"810":2959308,"90":2890188,"900":2967948}},"period-increase-
uniform":{"cs":{"180":48023323,"270":69207936,"360":90371864,"450":111465737,"540":132607581,"630":153781688,"720":174924992,"810":196095541,"90":26851622,"900":218422332},"pk":{"180":297836825,"270":376248605,"36
0":454660385,"450":633735461,"540":712147241,"630":790559021,"720":868970801,"810":947382581,"90":169093397,"900":1227120953},"vk":{"180":2898828,"270":2907468,"360":2916108,"450":2924748,"540":2933388,"630":29420
28,"720":2950668,"810":2959308,"90":2890188,"900":2967948}}}
search key at ./update_verifier-period-increase-gaussian--810.meta.json
compile skip
{"env":{"default":{"alpha":1,"baseNymNum":30000,"basePeriodNum":30,"beta":3}},"nym-increase-gaussian":{"cs":{"120000":28852754,"150000":34235104,"180000":39629781,"210000":45018242,"240000":50407252,"270000":55796
471,"30000":12750843,"300000":61186629,"60000":18115323,"90000":23478537},"pk":{"120000":280550525,"150000":318350525,"180000":356150525,"210000":494613821,"240000":532413821,"270000":570213821,"30000":91653053,"3
00000":608013821,"60000":154618877,"90000":192418877},"vk":{"120000":11524428,"150000":14404428,"180000":17284428,"210000":20164428,"240000":23044428,"270000":25924428,"30000":2884428,"300000":28804428,"60000":576
4428,"90000":8644428}},"nym-increase-proportional":{"cs":{"120000":28824802,"150000":34187261,"180000":39552525,"210000":44926029,"240000":50302888,"270000":55687278,"30000":12742254,"300000":61074760,"60000":1810
1052,"90000":23464293},"pk":{"120000":280550525,"150000":318350525,"180000":356150525,"210000":494613821,"240000":532413821,"270000":570213821,"30000":91653053,"300000":608013821,"60000":154618877,"90000":19241887
7},"vk":{"120000":11524428,"150000":14404428,"180000":17284428,"210000":20164428,"240000":23044428,"270000":25924428,"30000":2884428,"300000":28804428,"60000":5764428,"90000":8644428}},"nym-increase-uniform":{"cs"
:{"120000":28798284,"150000":34151725,"180000":39505042,"210000":44858406,"240000":50218322,"270000":55571839,"30000":12727422,"300000":60925167,"60000":18085970,"90000":23439747},"pk":{"120000":280550525,"150000"
:318350525,"180000":356150525,"210000":494613821,"240000":532413821,"270000":570213821,"30000":91653053,"300000":608013821,"60000":154618877,"90000":192418877},"vk":{"120000":11524428,"150000":14404428,"180000":17
284428,"210000":20164428,"240000":23044428,"270000":25924428,"30000":2884428,"300000":28804428,"60000":5764428,"90000":8644428}},"period-increase-gaussian":{"cs":{"180":48015755,"270":69185990,"360":90325638,"450"
:111490193,"540":132626833,"630":153788734,"720":174922690,"810":196082996,"90":26849688},"pk":{"180":297836825,"270":376248605,"360":454660385,"450":633735461,"540":712147241,"630":790559021,"720":868970801,"810"
:947382581,"90":169093397},"vk":{"180":2898828,"270":2907468,"360":2916108,"450":2924748,"540":2933388,"630":2942028,"720":2950668,"810":2959308,"90":2890188}},"period-increase-proportional":{"cs":{"180":48023845,
"270":69202125,"360":90343979,"450":111507286,"540":132640890,"630":153797633,"720":174921602,"810":196071636,"90":26854439,"900":218324885},"pk":{"180":297836825,"270":376248605,"360":454660385,"450":633735461,"5
40":712147241,"630":790559021,"720":868970801,"810":947382581,"90":169093397,"900":1227120953},"vk":{"180":2898828,"270":2907468,"360":2916108,"450":2924748,"540":2933388,"630":2942028,"720":2950668,"810":2959308,
"90":2890188,"900":2967948}},"period-increase-uniform":{"cs":{"180":48023323,"270":69207936,"360":90371864,"450":111465737,"540":132607581,"630":153781688,"720":174924992,"810":196095541,"90":26851622,"900":218422
332},"pk":{"180":297836825,"270":376248605,"360":454660385,"450":633735461,"540":712147241,"630":790559021,"720":868970801,"810":947382581,"90":169093397,"900":1227120953},"vk":{"180":2898828,"270":2907468,"360":2
916108,"450":2924748,"540":2933388,"630":2942028,"720":2950668,"810":2959308,"90":2890188,"900":2967948}}}
search key at ./update_verifier-period-increase-gaussian--900.meta.json
compile skip
{"env":{"default":{"alpha":1,"baseNymNum":30000,"basePeriodNum":30,"beta":3}},"nym-increase-gaussian":{"cs":{"120000":28852754,"150000":34235104,"180000":39629781,"210000":45018242,"240000":50407252,"270000":55796
471,"30000":12750843,"300000":61186629,"60000":18115323,"90000":23478537},"pk":{"120000":280550525,"150000":318350525,"180000":356150525,"210000":494613821,"240000":532413821,"270000":570213821,"30000":91653053,"3
00000":608013821,"60000":154618877,"90000":192418877},"vk":{"120000":11524428,"150000":14404428,"180000":17284428,"210000":20164428,"240000":23044428,"270000":25924428,"30000":2884428,"300000":28804428,"60000":576
4428,"90000":8644428}},"nym-increase-proportional":{"cs":{"120000":28824802,"150000":34187261,"180000":39552525,"210000":44926029,"240000":50302888,"270000":55687278,"30000":12742254,"300000":61074760,"60000":1810
1052,"90000":23464293},"pk":{"120000":280550525,"150000":318350525,"180000":356150525,"210000":494613821,"240000":532413821,"270000":570213821,"30000":91653053,"300000":608013821,"60000":154618877,"90000":19241887
7},"vk":{"120000":11524428,"150000":14404428,"180000":17284428,"210000":20164428,"240000":23044428,"270000":25924428,"30000":2884428,"300000":28804428,"60000":5764428,"90000":8644428}},"nym-increase-uniform":{"cs"
:{"120000":28798284,"150000":34151725,"180000":39505042,"210000":44858406,"240000":50218322,"270000":55571839,"30000":12727422,"300000":60925167,"60000":18085970,"90000":23439747},"pk":{"120000":280550525,"150000"
:318350525,"180000":356150525,"210000":494613821,"240000":532413821,"270000":570213821,"30000":91653053,"300000":608013821,"60000":154618877,"90000":192418877},"vk":{"120000":11524428,"150000":14404428,"180000":17
284428,"210000":20164428,"240000":23044428,"270000":25924428,"30000":2884428,"300000":28804428,"60000":5764428,"90000":8644428}},"period-increase-gaussian":{"cs":{"180":48015755,"270":69185990,"360":90325638,"450"
:111490193,"540":132626833,"630":153788734,"720":174922690,"810":196082996,"90":26849688,"900":218261064},"pk":{"180":297836825,"270":376248605,"360":454660385,"450":633735461,"540":712147241,"630":790559021,"720"
:868970801,"810":947382581,"90":169093397,"900":1227120953},"vk":{"180":2898828,"270":2907468,"360":2916108,"450":2924748,"540":2933388,"630":2942028,"720":2950668,"810":2959308,"90":2890188,"900":2967948}},"perio
d-increase-proportional":{"cs":{"180":48023845,"270":69202125,"360":90343979,"450":111507286,"540":132640890,"630":153797633,"720":174921602,"810":196071636,"90":26854439,"900":218324885},"pk":{"180":297836825,"27
0":376248605,"360":454660385,"450":633735461,"540":712147241,"630":790559021,"720":868970801,"810":947382581,"90":169093397,"900":1227120953},"vk":{"180":2898828,"270":2907468,"360":2916108,"450":2924748,"540":293
3388,"630":2942028,"720":2950668,"810":2959308,"90":2890188,"900":2967948}},"period-increase-uniform":{"cs":{"180":48023323,"270":69207936,"360":90371864,"450":111465737,"540":132607581,"630":153781688,"720":17492
4992,"810":196095541,"90":26851622,"900":218422332},"pk":{"180":297836825,"270":376248605,"360":454660385,"450":633735461,"540":712147241,"630":790559021,"720":868970801,"810":947382581,"90":169093397,"900":122712
0953},"vk":{"180":2898828,"270":2907468,"360":2916108,"450":2924748,"540":2933388,"630":2942028,"720":2950668,"810":2959308,"90":2890188,"900":2967948}}}
search key at ./update_verifier-sess-increase-uniform--10.meta.json
compile skip
{"env":{"default":{"alpha":1,"baseNymNum":30000,"basePeriodNum":30,"beta":3}},"nym-increase-gaussian":{"cs":{"120000":28852754,"150000":34235104,"180000":39629781,"210000":45018242,"240000":50407252,"270000":55796
471,"30000":12750843,"300000":61186629,"60000":18115323,"90000":23478537},"pk":{"120000":280550525,"150000":318350525,"180000":356150525,"210000":494613821,"240000":532413821,"270000":570213821,"30000":91653053,"3
00000":608013821,"60000":154618877,"90000":192418877},"vk":{"120000":11524428,"150000":14404428,"180000":17284428,"210000":20164428,"240000":23044428,"270000":25924428,"30000":2884428,"300000":28804428,"60000":576
4428,"90000":8644428}},"nym-increase-proportional":{"cs":{"120000":28824802,"150000":34187261,"180000":39552525,"210000":44926029,"240000":50302888,"270000":55687278,"30000":12742254,"300000":61074760,"60000":1810
1052,"90000":23464293},"pk":{"120000":280550525,"150000":318350525,"180000":356150525,"210000":494613821,"240000":532413821,"270000":570213821,"30000":91653053,"300000":608013821,"60000":154618877,"90000":19241887
7},"vk":{"120000":11524428,"150000":14404428,"180000":17284428,"210000":20164428,"240000":23044428,"270000":25924428,"30000":2884428,"300000":28804428,"60000":5764428,"90000":8644428}},"nym-increase-uniform":{"cs"
:{"120000":28798284,"150000":34151725,"180000":39505042,"210000":44858406,"240000":50218322,"270000":55571839,"30000":12727422,"300000":60925167,"60000":18085970,"90000":23439747},"pk":{"120000":280550525,"150000"
:318350525,"180000":356150525,"210000":494613821,"240000":532413821,"270000":570213821,"30000":91653053,"300000":608013821,"60000":154618877,"90000":192418877},"vk":{"120000":11524428,"150000":14404428,"180000":17
284428,"210000":20164428,"240000":23044428,"270000":25924428,"30000":2884428,"300000":28804428,"60000":5764428,"90000":8644428}},"period-increase-gaussian":{"cs":{"180":48015755,"270":69185990,"360":90325638,"450"
:111490193,"540":132626833,"630":153788734,"720":174922690,"810":196082996,"90":26849688,"900":218261064},"pk":{"180":297836825,"270":376248605,"360":454660385,"450":633735461,"540":712147241,"630":790559021,"720"
:868970801,"810":947382581,"90":169093397,"900":1227120953},"vk":{"180":2898828,"270":2907468,"360":2916108,"450":2924748,"540":2933388,"630":2942028,"720":2950668,"810":2959308,"90":2890188,"900":2967948}},"perio
d-increase-proportional":{"cs":{"180":48023845,"270":69202125,"360":90343979,"450":111507286,"540":132640890,"630":153797633,"720":174921602,"810":196071636,"90":26854439,"900":218324885},"pk":{"180":297836825,"27
0":376248605,"360":454660385,"450":633735461,"540":712147241,"630":790559021,"720":868970801,"810":947382581,"90":169093397,"900":1227120953},"vk":{"180":2898828,"270":2907468,"360":2916108,"450":2924748,"540":293
3388,"630":2942028,"720":2950668,"810":2959308,"90":2890188,"900":2967948}},"period-increase-uniform":{"cs":{"180":48023323,"270":69207936,"360":90371864,"450":111465737,"540":132607581,"630":153781688,"720":17492
4992,"810":196095541,"90":26851622,"900":218422332},"pk":{"180":297836825,"270":376248605,"360":454660385,"450":633735461,"540":712147241,"630":790559021,"720":868970801,"810":947382581,"90":169093397,"900":122712
0953},"vk":{"180":2898828,"270":2907468,"360":2916108,"450":2924748,"540":2933388,"630":2942028,"720":2950668,"810":2959308,"90":2890188,"900":2967948}},"sess-increase-uniform":{"cs":{"10":23789336},"pk":{"10":172
056077},"vk":{"10":2884428}}}
search key at ./update_verifier-sess-increase-uniform--20.meta.json
compile skip
{"env":{"default":{"alpha":1,"baseNymNum":30000,"basePeriodNum":30,"beta":3}},"nym-increase-gaussian":{"cs":{"120000":28852754,"150000":34235104,"180000":39629781,"210000":45018242,"240000":50407252,"270000":55796
471,"30000":12750843,"300000":61186629,"60000":18115323,"90000":23478537},"pk":{"120000":280550525,"150000":318350525,"180000":356150525,"210000":494613821,"240000":532413821,"270000":570213821,"30000":91653053,"3
00000":608013821,"60000":154618877,"90000":192418877},"vk":{"120000":11524428,"150000":14404428,"180000":17284428,"210000":20164428,"240000":23044428,"270000":25924428,"30000":2884428,"300000":28804428,"60000":576
4428,"90000":8644428}},"nym-increase-proportional":{"cs":{"120000":28824802,"150000":34187261,"180000":39552525,"210000":44926029,"240000":50302888,"270000":55687278,"30000":12742254,"300000":61074760,"60000":1810
1052,"90000":23464293},"pk":{"120000":280550525,"150000":318350525,"180000":356150525,"210000":494613821,"240000":532413821,"270000":570213821,"30000":91653053,"300000":608013821,"60000":154618877,"90000":19241887
7},"vk":{"120000":11524428,"150000":14404428,"180000":17284428,"210000":20164428,"240000":23044428,"270000":25924428,"30000":2884428,"300000":28804428,"60000":5764428,"90000":8644428}},"nym-increase-uniform":{"cs"
:{"120000":28798284,"150000":34151725,"180000":39505042,"210000":44858406,"240000":50218322,"270000":55571839,"30000":12727422,"300000":60925167,"60000":18085970,"90000":23439747},"pk":{"120000":280550525,"150000"
:318350525,"180000":356150525,"210000":494613821,"240000":532413821,"270000":570213821,"30000":91653053,"300000":608013821,"60000":154618877,"90000":192418877},"vk":{"120000":11524428,"150000":14404428,"180000":17
284428,"210000":20164428,"240000":23044428,"270000":25924428,"30000":2884428,"300000":28804428,"60000":5764428,"90000":8644428}},"period-increase-gaussian":{"cs":{"180":48015755,"270":69185990,"360":90325638,"450"
:111490193,"540":132626833,"630":153788734,"720":174922690,"810":196082996,"90":26849688,"900":218261064},"pk":{"180":297836825,"270":376248605,"360":454660385,"450":633735461,"540":712147241,"630":790559021,"720"
:868970801,"810":947382581,"90":169093397,"900":1227120953},"vk":{"180":2898828,"270":2907468,"360":2916108,"450":2924748,"540":2933388,"630":2942028,"720":2950668,"810":2959308,"90":2890188,"900":2967948}},"perio
d-increase-proportional":{"cs":{"180":48023845,"270":69202125,"360":90343979,"450":111507286,"540":132640890,"630":153797633,"720":174921602,"810":196071636,"90":26854439,"900":218324885},"pk":{"180":297836825,"27
0":376248605,"360":454660385,"450":633735461,"540":712147241,"630":790559021,"720":868970801,"810":947382581,"90":169093397,"900":1227120953},"vk":{"180":2898828,"270":2907468,"360":2916108,"450":2924748,"540":293
3388,"630":2942028,"720":2950668,"810":2959308,"90":2890188,"900":2967948}},"period-increase-uniform":{"cs":{"180":48023323,"270":69207936,"360":90371864,"450":111465737,"540":132607581,"630":153781688,"720":17492
4992,"810":196095541,"90":26851622,"900":218422332},"pk":{"180":297836825,"270":376248605,"360":454660385,"450":633735461,"540":712147241,"630":790559021,"720":868970801,"810":947382581,"90":169093397,"900":122712
0953},"vk":{"180":2898828,"270":2907468,"360":2916108,"450":2924748,"540":2933388,"630":2942028,"720":2950668,"810":2959308,"90":2890188,"900":2967948}},"sess-increase-uniform":{"cs":{"10":23789336,"20":45912732},
"pk":{"10":172056077,"20":332862125},"vk":{"10":2884428,"20":2884428}}}
search key at ./update_verifier-sess-increase-uniform--30.meta.json
compile skip
{"env":{"default":{"alpha":1,"baseNymNum":30000,"basePeriodNum":30,"beta":3}},"nym-increase-gaussian":{"cs":{"120000":28852754,"150000":34235104,"180000":39629781,"210000":45018242,"240000":50407252,"270000":55796
471,"30000":12750843,"300000":61186629,"60000":18115323,"90000":23478537},"pk":{"120000":280550525,"150000":318350525,"180000":356150525,"210000":494613821,"240000":532413821,"270000":570213821,"30000":91653053,"3
00000":608013821,"60000":154618877,"90000":192418877},"vk":{"120000":11524428,"150000":14404428,"180000":17284428,"210000":20164428,"240000":23044428,"270000":25924428,"30000":2884428,"300000":28804428,"60000":576
4428,"90000":8644428}},"nym-increase-proportional":{"cs":{"120000":28824802,"150000":34187261,"180000":39552525,"210000":44926029,"240000":50302888,"270000":55687278,"30000":12742254,"300000":61074760,"60000":1810
1052,"90000":23464293},"pk":{"120000":280550525,"150000":318350525,"180000":356150525,"210000":494613821,"240000":532413821,"270000":570213821,"30000":91653053,"300000":608013821,"60000":154618877,"90000":19241887
7},"vk":{"120000":11524428,"150000":14404428,"180000":17284428,"210000":20164428,"240000":23044428,"270000":25924428,"30000":2884428,"300000":28804428,"60000":5764428,"90000":8644428}},"nym-increase-uniform":{"cs"
:{"120000":28798284,"150000":34151725,"180000":39505042,"210000":44858406,"240000":50218322,"270000":55571839,"30000":12727422,"300000":60925167,"60000":18085970,"90000":23439747},"pk":{"120000":280550525,"150000"
:318350525,"180000":356150525,"210000":494613821,"240000":532413821,"270000":570213821,"30000":91653053,"300000":608013821,"60000":154618877,"90000":192418877},"vk":{"120000":11524428,"150000":14404428,"180000":17
284428,"210000":20164428,"240000":23044428,"270000":25924428,"30000":2884428,"300000":28804428,"60000":5764428,"90000":8644428}},"period-increase-gaussian":{"cs":{"180":48015755,"270":69185990,"360":90325638,"450"
:111490193,"540":132626833,"630":153788734,"720":174922690,"810":196082996,"90":26849688,"900":218261064},"pk":{"180":297836825,"270":376248605,"360":454660385,"450":633735461,"540":712147241,"630":790559021,"720"
:868970801,"810":947382581,"90":169093397,"900":1227120953},"vk":{"180":2898828,"270":2907468,"360":2916108,"450":2924748,"540":2933388,"630":2942028,"720":2950668,"810":2959308,"90":2890188,"900":2967948}},"perio
d-increase-proportional":{"cs":{"180":48023845,"270":69202125,"360":90343979,"450":111507286,"540":132640890,"630":153797633,"720":174921602,"810":196071636,"90":26854439,"900":218324885},"pk":{"180":297836825,"27
0":376248605,"360":454660385,"450":633735461,"540":712147241,"630":790559021,"720":868970801,"810":947382581,"90":169093397,"900":1227120953},"vk":{"180":2898828,"270":2907468,"360":2916108,"450":2924748,"540":293
3388,"630":2942028,"720":2950668,"810":2959308,"90":2890188,"900":2967948}},"period-increase-uniform":{"cs":{"180":48023323,"270":69207936,"360":90371864,"450":111465737,"540":132607581,"630":153781688,"720":17492
4992,"810":196095541,"90":26851622,"900":218422332},"pk":{"180":297836825,"270":376248605,"360":454660385,"450":633735461,"540":712147241,"630":790559021,"720":868970801,"810":947382581,"90":169093397,"900":122712
0953},"vk":{"180":2898828,"270":2907468,"360":2916108,"450":2924748,"540":2933388,"630":2942028,"720":2950668,"810":2959308,"90":2890188,"900":2967948}},"sess-increase-uniform":{"cs":{"10":23789336,"20":45912732,"
30":68013244},"pk":{"10":172056077,"20":332862125,"30":543999821},"vk":{"10":2884428,"20":2884428,"30":2884428}}}
search key at ./update_verifier-sess-increase-uniform--40.meta.json
compile skip
{"env":{"default":{"alpha":1,"baseNymNum":30000,"basePeriodNum":30,"beta":3}},"nym-increase-gaussian":{"cs":{"120000":28852754,"150000":34235104,"180000":39629781,"210000":45018242,"240000":50407252,"270000":55796
471,"30000":12750843,"300000":61186629,"60000":18115323,"90000":23478537},"pk":{"120000":280550525,"150000":318350525,"180000":356150525,"210000":494613821,"240000":532413821,"270000":570213821,"30000":91653053,"3
00000":608013821,"60000":154618877,"90000":192418877},"vk":{"120000":11524428,"150000":14404428,"180000":17284428,"210000":20164428,"240000":23044428,"270000":25924428,"30000":2884428,"300000":28804428,"60000":576
4428,"90000":8644428}},"nym-increase-proportional":{"cs":{"120000":28824802,"150000":34187261,"180000":39552525,"210000":44926029,"240000":50302888,"270000":55687278,"30000":12742254,"300000":61074760,"60000":1810
1052,"90000":23464293},"pk":{"120000":280550525,"150000":318350525,"180000":356150525,"210000":494613821,"240000":532413821,"270000":570213821,"30000":91653053,"300000":608013821,"60000":154618877,"90000":19241887
7},"vk":{"120000":11524428,"150000":14404428,"180000":17284428,"210000":20164428,"240000":23044428,"270000":25924428,"30000":2884428,"300000":28804428,"60000":5764428,"90000":8644428}},"nym-increase-uniform":{"cs"
:{"120000":28798284,"150000":34151725,"180000":39505042,"210000":44858406,"240000":50218322,"270000":55571839,"30000":12727422,"300000":60925167,"60000":18085970,"90000":23439747},"pk":{"120000":280550525,"150000"
:318350525,"180000":356150525,"210000":494613821,"240000":532413821,"270000":570213821,"30000":91653053,"300000":608013821,"60000":154618877,"90000":192418877},"vk":{"120000":11524428,"150000":14404428,"180000":17
284428,"210000":20164428,"240000":23044428,"270000":25924428,"30000":2884428,"300000":28804428,"60000":5764428,"90000":8644428}},"period-increase-gaussian":{"cs":{"180":48015755,"270":69185990,"360":90325638,"450"
:111490193,"540":132626833,"630":153788734,"720":174922690,"810":196082996,"90":26849688,"900":218261064},"pk":{"180":297836825,"270":376248605,"360":454660385,"450":633735461,"540":712147241,"630":790559021,"720"
:868970801,"810":947382581,"90":169093397,"900":1227120953},"vk":{"180":2898828,"270":2907468,"360":2916108,"450":2924748,"540":2933388,"630":2942028,"720":2950668,"810":2959308,"90":2890188,"900":2967948}},"perio
d-increase-proportional":{"cs":{"180":48023845,"270":69202125,"360":90343979,"450":111507286,"540":132640890,"630":153797633,"720":174921602,"810":196071636,"90":26854439,"900":218324885},"pk":{"180":297836825,"27
0":376248605,"360":454660385,"450":633735461,"540":712147241,"630":790559021,"720":868970801,"810":947382581,"90":169093397,"900":1227120953},"vk":{"180":2898828,"270":2907468,"360":2916108,"450":2924748,"540":293
3388,"630":2942028,"720":2950668,"810":2959308,"90":2890188,"900":2967948}},"period-increase-uniform":{"cs":{"180":48023323,"270":69207936,"360":90371864,"450":111465737,"540":132607581,"630":153781688,"720":17492
4992,"810":196095541,"90":26851622,"900":218422332},"pk":{"180":297836825,"270":376248605,"360":454660385,"450":633735461,"540":712147241,"630":790559021,"720":868970801,"810":947382581,"90":169093397,"900":122712
0953},"vk":{"180":2898828,"270":2907468,"360":2916108,"450":2924748,"540":2933388,"630":2942028,"720":2950668,"810":2959308,"90":2890188,"900":2967948}},"sess-increase-uniform":{"cs":{"10":23789336,"20":45912732,"
30":68013244,"40":90136712},"pk":{"10":172056077,"20":332862125,"30":543999821,"40":654474221},"vk":{"10":2884428,"20":2884428,"30":2884428,"40":2884428}}}
search key at ./update_verifier-sess-increase-uniform--50.meta.json
compile skip
{"env":{"default":{"alpha":1,"baseNymNum":30000,"basePeriodNum":30,"beta":3}},"nym-increase-gaussian":{"cs":{"120000":28852754,"150000":34235104,"180000":39629781,"210000":45018242,"240000":50407252,"270000":55796
471,"30000":12750843,"300000":61186629,"60000":18115323,"90000":23478537},"pk":{"120000":280550525,"150000":318350525,"180000":356150525,"210000":494613821,"240000":532413821,"270000":570213821,"30000":91653053,"3
00000":608013821,"60000":154618877,"90000":192418877},"vk":{"120000":11524428,"150000":14404428,"180000":17284428,"210000":20164428,"240000":23044428,"270000":25924428,"30000":2884428,"300000":28804428,"60000":576
4428,"90000":8644428}},"nym-increase-proportional":{"cs":{"120000":28824802,"150000":34187261,"180000":39552525,"210000":44926029,"240000":50302888,"270000":55687278,"30000":12742254,"300000":61074760,"60000":1810
1052,"90000":23464293},"pk":{"120000":280550525,"150000":318350525,"180000":356150525,"210000":494613821,"240000":532413821,"270000":570213821,"30000":91653053,"300000":608013821,"60000":154618877,"90000":19241887
7},"vk":{"120000":11524428,"150000":14404428,"180000":17284428,"210000":20164428,"240000":23044428,"270000":25924428,"30000":2884428,"300000":28804428,"60000":5764428,"90000":8644428}},"nym-increase-uniform":{"cs"
:{"120000":28798284,"150000":34151725,"180000":39505042,"210000":44858406,"240000":50218322,"270000":55571839,"30000":12727422,"300000":60925167,"60000":18085970,"90000":23439747},"pk":{"120000":280550525,"150000"
:318350525,"180000":356150525,"210000":494613821,"240000":532413821,"270000":570213821,"30000":91653053,"300000":608013821,"60000":154618877,"90000":192418877},"vk":{"120000":11524428,"150000":14404428,"180000":17
284428,"210000":20164428,"240000":23044428,"270000":25924428,"30000":2884428,"300000":28804428,"60000":5764428,"90000":8644428}},"period-increase-gaussian":{"cs":{"180":48015755,"270":69185990,"360":90325638,"450"
:111490193,"540":132626833,"630":153788734,"720":174922690,"810":196082996,"90":26849688,"900":218261064},"pk":{"180":297836825,"270":376248605,"360":454660385,"450":633735461,"540":712147241,"630":790559021,"720"
:868970801,"810":947382581,"90":169093397,"900":1227120953},"vk":{"180":2898828,"270":2907468,"360":2916108,"450":2924748,"540":2933388,"630":2942028,"720":2950668,"810":2959308,"90":2890188,"900":2967948}},"perio
d-increase-proportional":{"cs":{"180":48023845,"270":69202125,"360":90343979,"450":111507286,"540":132640890,"630":153797633,"720":174921602,"810":196071636,"90":26854439,"900":218324885},"pk":{"180":297836825,"27
0":376248605,"360":454660385,"450":633735461,"540":712147241,"630":790559021,"720":868970801,"810":947382581,"90":169093397,"900":1227120953},"vk":{"180":2898828,"270":2907468,"360":2916108,"450":2924748,"540":293
3388,"630":2942028,"720":2950668,"810":2959308,"90":2890188,"900":2967948}},"period-increase-uniform":{"cs":{"180":48023323,"270":69207936,"360":90371864,"450":111465737,"540":132607581,"630":153781688,"720":17492
4992,"810":196095541,"90":26851622,"900":218422332},"pk":{"180":297836825,"270":376248605,"360":454660385,"450":633735461,"540":712147241,"630":790559021,"720":868970801,"810":947382581,"90":169093397,"900":122712
0953},"vk":{"180":2898828,"270":2907468,"360":2916108,"450":2924748,"540":2933388,"630":2942028,"720":2950668,"810":2959308,"90":2890188,"900":2967948}},"sess-increase-uniform":{"cs":{"10":23789336,"20":45912732,"
30":68013244,"40":90136712,"50":113131068},"pk":{"10":172056077,"20":332862125,"30":543999821,"40":654474221,"50":966275213},"vk":{"10":2884428,"20":2884428,"30":2884428,"40":2884428,"50":2884428}}}
search key at ./update_verifier-sess-increase-uniform--60.meta.json
compile skip
{"env":{"default":{"alpha":1,"baseNymNum":30000,"basePeriodNum":30,"beta":3}},"nym-increase-gaussian":{"cs":{"120000":28852754,"150000":34235104,"180000":39629781,"210000":45018242,"240000":50407252,"270000":55796
471,"30000":12750843,"300000":61186629,"60000":18115323,"90000":23478537},"pk":{"120000":280550525,"150000":318350525,"180000":356150525,"210000":494613821,"240000":532413821,"270000":570213821,"30000":91653053,"3
00000":608013821,"60000":154618877,"90000":192418877},"vk":{"120000":11524428,"150000":14404428,"180000":17284428,"210000":20164428,"240000":23044428,"270000":25924428,"30000":2884428,"300000":28804428,"60000":576
4428,"90000":8644428}},"nym-increase-proportional":{"cs":{"120000":28824802,"150000":34187261,"180000":39552525,"210000":44926029,"240000":50302888,"270000":55687278,"30000":12742254,"300000":61074760,"60000":1810
1052,"90000":23464293},"pk":{"120000":280550525,"150000":318350525,"180000":356150525,"210000":494613821,"240000":532413821,"270000":570213821,"30000":91653053,"300000":608013821,"60000":154618877,"90000":19241887
7},"vk":{"120000":11524428,"150000":14404428,"180000":17284428,"210000":20164428,"240000":23044428,"270000":25924428,"30000":2884428,"300000":28804428,"60000":5764428,"90000":8644428}},"nym-increase-uniform":{"cs"
:{"120000":28798284,"150000":34151725,"180000":39505042,"210000":44858406,"240000":50218322,"270000":55571839,"30000":12727422,"300000":60925167,"60000":18085970,"90000":23439747},"pk":{"120000":280550525,"150000"
:318350525,"180000":356150525,"210000":494613821,"240000":532413821,"270000":570213821,"30000":91653053,"300000":608013821,"60000":154618877,"90000":192418877},"vk":{"120000":11524428,"150000":14404428,"180000":17
284428,"210000":20164428,"240000":23044428,"270000":25924428,"30000":2884428,"300000":28804428,"60000":5764428,"90000":8644428}},"period-increase-gaussian":{"cs":{"180":48015755,"270":69185990,"360":90325638,"450"
:111490193,"540":132626833,"630":153788734,"720":174922690,"810":196082996,"90":26849688,"900":218261064},"pk":{"180":297836825,"270":376248605,"360":454660385,"450":633735461,"540":712147241,"630":790559021,"720"
:868970801,"810":947382581,"90":169093397,"900":1227120953},"vk":{"180":2898828,"270":2907468,"360":2916108,"450":2924748,"540":2933388,"630":2942028,"720":2950668,"810":2959308,"90":2890188,"900":2967948}},"perio
d-increase-proportional":{"cs":{"180":48023845,"270":69202125,"360":90343979,"450":111507286,"540":132640890,"630":153797633,"720":174921602,"810":196071636,"90":26854439,"900":218324885},"pk":{"180":297836825,"27
0":376248605,"360":454660385,"450":633735461,"540":712147241,"630":790559021,"720":868970801,"810":947382581,"90":169093397,"900":1227120953},"vk":{"180":2898828,"270":2907468,"360":2916108,"450":2924748,"540":293
3388,"630":2942028,"720":2950668,"810":2959308,"90":2890188,"900":2967948}},"period-increase-uniform":{"cs":{"180":48023323,"270":69207936,"360":90371864,"450":111465737,"540":132607581,"630":153781688,"720":17492
4992,"810":196095541,"90":26851622,"900":218422332},"pk":{"180":297836825,"270":376248605,"360":454660385,"450":633735461,"540":712147241,"630":790559021,"720":868970801,"810":947382581,"90":169093397,"900":122712
0953},"vk":{"180":2898828,"270":2907468,"360":2916108,"450":2924748,"540":2933388,"630":2942028,"720":2950668,"810":2959308,"90":2890188,"900":2967948}},"sess-increase-uniform":{"cs":{"10":23789336,"20":45912732,"
30":68013244,"40":90136712,"50":113131068,"60":139248096},"pk":{"10":172056077,"20":332862125,"30":543999821,"40":654474221,"50":966275213,"60":1076749613},"vk":{"10":2884428,"20":2884428,"30":2884428,"40":2884428
,"50":2884428,"60":2884428}}}
search key at ./update_verifier-sess-increase-uniform--70.meta.json
compile skip
{"env":{"default":{"alpha":1,"baseNymNum":30000,"basePeriodNum":30,"beta":3}},"nym-increase-gaussian":{"cs":{"120000":28852754,"150000":34235104,"180000":39629781,"210000":45018242,"240000":50407252,"270000":55796
471,"30000":12750843,"300000":61186629,"60000":18115323,"90000":23478537},"pk":{"120000":280550525,"150000":318350525,"180000":356150525,"210000":494613821,"240000":532413821,"270000":570213821,"30000":91653053,"3
00000":608013821,"60000":154618877,"90000":192418877},"vk":{"120000":11524428,"150000":14404428,"180000":17284428,"210000":20164428,"240000":23044428,"270000":25924428,"30000":2884428,"300000":28804428,"60000":576
4428,"90000":8644428}},"nym-increase-proportional":{"cs":{"120000":28824802,"150000":34187261,"180000":39552525,"210000":44926029,"240000":50302888,"270000":55687278,"30000":12742254,"300000":61074760,"60000":1810
1052,"90000":23464293},"pk":{"120000":280550525,"150000":318350525,"180000":356150525,"210000":494613821,"240000":532413821,"270000":570213821,"30000":91653053,"300000":608013821,"60000":154618877,"90000":19241887
7},"vk":{"120000":11524428,"150000":14404428,"180000":17284428,"210000":20164428,"240000":23044428,"270000":25924428,"30000":2884428,"300000":28804428,"60000":5764428,"90000":8644428}},"nym-increase-uniform":{"cs"
:{"120000":28798284,"150000":34151725,"180000":39505042,"210000":44858406,"240000":50218322,"270000":55571839,"30000":12727422,"300000":60925167,"60000":18085970,"90000":23439747},"pk":{"120000":280550525,"150000"
:318350525,"180000":356150525,"210000":494613821,"240000":532413821,"270000":570213821,"30000":91653053,"300000":608013821,"60000":154618877,"90000":192418877},"vk":{"120000":11524428,"150000":14404428,"180000":17
284428,"210000":20164428,"240000":23044428,"270000":25924428,"30000":2884428,"300000":28804428,"60000":5764428,"90000":8644428}},"period-increase-gaussian":{"cs":{"180":48015755,"270":69185990,"360":90325638,"450"
:111490193,"540":132626833,"630":153788734,"720":174922690,"810":196082996,"90":26849688,"900":218261064},"pk":{"180":297836825,"270":376248605,"360":454660385,"450":633735461,"540":712147241,"630":790559021,"720"
:868970801,"810":947382581,"90":169093397,"900":1227120953},"vk":{"180":2898828,"270":2907468,"360":2916108,"450":2924748,"540":2933388,"630":2942028,"720":2950668,"810":2959308,"90":2890188,"900":2967948}},"perio
d-increase-proportional":{"cs":{"180":48023845,"270":69202125,"360":90343979,"450":111507286,"540":132640890,"630":153797633,"720":174921602,"810":196071636,"90":26854439,"900":218324885},"pk":{"180":297836825,"27
0":376248605,"360":454660385,"450":633735461,"540":712147241,"630":790559021,"720":868970801,"810":947382581,"90":169093397,"900":1227120953},"vk":{"180":2898828,"270":2907468,"360":2916108,"450":2924748,"540":293
3388,"630":2942028,"720":2950668,"810":2959308,"90":2890188,"900":2967948}},"period-increase-uniform":{"cs":{"180":48023323,"270":69207936,"360":90371864,"450":111465737,"540":132607581,"630":153781688,"720":17492
4992,"810":196095541,"90":26851622,"900":218422332},"pk":{"180":297836825,"270":376248605,"360":454660385,"450":633735461,"540":712147241,"630":790559021,"720":868970801,"810":947382581,"90":169093397,"900":122712
0953},"vk":{"180":2898828,"270":2907468,"360":2916108,"450":2924748,"540":2933388,"630":2942028,"720":2950668,"810":2959308,"90":2890188,"900":2967948}},"sess-increase-uniform":{"cs":{"10":23789336,"20":45912732,"
30":68013244,"40":90136712,"50":113131068,"60":139248096,"70":165387868},"pk":{"10":172056077,"20":332862125,"30":543999821,"40":654474221,"50":966275213,"60":1076749613,"70":1187224013},"vk":{"10":2884428,"20":28
84428,"30":2884428,"40":2884428,"50":2884428,"60":2884428,"70":2884428}}}
search key at ./update_verifier-sess-increase-uniform--80.meta.json
compile skip
{"env":{"default":{"alpha":1,"baseNymNum":30000,"basePeriodNum":30,"beta":3}},"nym-increase-gaussian":{"cs":{"120000":28852754,"150000":34235104,"180000":39629781,"210000":45018242,"240000":50407252,"270000":55796
471,"30000":12750843,"300000":61186629,"60000":18115323,"90000":23478537},"pk":{"120000":280550525,"150000":318350525,"180000":356150525,"210000":494613821,"240000":532413821,"270000":570213821,"30000":91653053,"3
00000":608013821,"60000":154618877,"90000":192418877},"vk":{"120000":11524428,"150000":14404428,"180000":17284428,"210000":20164428,"240000":23044428,"270000":25924428,"30000":2884428,"300000":28804428,"60000":576
4428,"90000":8644428}},"nym-increase-proportional":{"cs":{"120000":28824802,"150000":34187261,"180000":39552525,"210000":44926029,"240000":50302888,"270000":55687278,"30000":12742254,"300000":61074760,"60000":1810
1052,"90000":23464293},"pk":{"120000":280550525,"150000":318350525,"180000":356150525,"210000":494613821,"240000":532413821,"270000":570213821,"30000":91653053,"300000":608013821,"60000":154618877,"90000":19241887
7},"vk":{"120000":11524428,"150000":14404428,"180000":17284428,"210000":20164428,"240000":23044428,"270000":25924428,"30000":2884428,"300000":28804428,"60000":5764428,"90000":8644428}},"nym-increase-uniform":{"cs"
:{"120000":28798284,"150000":34151725,"180000":39505042,"210000":44858406,"240000":50218322,"270000":55571839,"30000":12727422,"300000":60925167,"60000":18085970,"90000":23439747},"pk":{"120000":280550525,"150000"
:318350525,"180000":356150525,"210000":494613821,"240000":532413821,"270000":570213821,"30000":91653053,"300000":608013821,"60000":154618877,"90000":192418877},"vk":{"120000":11524428,"150000":14404428,"180000":17
284428,"210000":20164428,"240000":23044428,"270000":25924428,"30000":2884428,"300000":28804428,"60000":5764428,"90000":8644428}},"period-increase-gaussian":{"cs":{"180":48015755,"270":69185990,"360":90325638,"450"
:111490193,"540":132626833,"630":153788734,"720":174922690,"810":196082996,"90":26849688,"900":218261064},"pk":{"180":297836825,"270":376248605,"360":454660385,"450":633735461,"540":712147241,"630":790559021,"720"
:868970801,"810":947382581,"90":169093397,"900":1227120953},"vk":{"180":2898828,"270":2907468,"360":2916108,"450":2924748,"540":2933388,"630":2942028,"720":2950668,"810":2959308,"90":2890188,"900":2967948}},"perio
d-increase-proportional":{"cs":{"180":48023845,"270":69202125,"360":90343979,"450":111507286,"540":132640890,"630":153797633,"720":174921602,"810":196071636,"90":26854439,"900":218324885},"pk":{"180":297836825,"27
0":376248605,"360":454660385,"450":633735461,"540":712147241,"630":790559021,"720":868970801,"810":947382581,"90":169093397,"900":1227120953},"vk":{"180":2898828,"270":2907468,"360":2916108,"450":2924748,"540":293
3388,"630":2942028,"720":2950668,"810":2959308,"90":2890188,"900":2967948}},"period-increase-uniform":{"cs":{"180":48023323,"270":69207936,"360":90371864,"450":111465737,"540":132607581,"630":153781688,"720":17492
4992,"810":196095541,"90":26851622,"900":218422332},"pk":{"180":297836825,"270":376248605,"360":454660385,"450":633735461,"540":712147241,"630":790559021,"720":868970801,"810":947382581,"90":169093397,"900":122712
0953},"vk":{"180":2898828,"270":2907468,"360":2916108,"450":2924748,"540":2933388,"630":2942028,"720":2950668,"810":2959308,"90":2890188,"900":2967948}},"sess-increase-uniform":{"cs":{"10":23789336,"20":45912732,"
30":68013244,"40":90136712,"50":113131068,"60":139248096,"70":165387868,"80":191527560},"pk":{"10":172056077,"20":332862125,"30":543999821,"40":654474221,"50":966275213,"60":1076749613,"70":1187224013,"80":1297698
413},"vk":{"10":2884428,"20":2884428,"30":2884428,"40":2884428,"50":2884428,"60":2884428,"70":2884428,"80":2884428}}}
search key at ./update_verifier-sess-increase-uniform--90.meta.json
compile skip
{"env":{"default":{"alpha":1,"baseNymNum":30000,"basePeriodNum":30,"beta":3}},"nym-increase-gaussian":{"cs":{"120000":28852754,"150000":34235104,"180000":39629781,"210000":45018242,"240000":50407252,"270000":55796
471,"30000":12750843,"300000":61186629,"60000":18115323,"90000":23478537},"pk":{"120000":280550525,"150000":318350525,"180000":356150525,"210000":494613821,"240000":532413821,"270000":570213821,"30000":91653053,"3
00000":608013821,"60000":154618877,"90000":192418877},"vk":{"120000":11524428,"150000":14404428,"180000":17284428,"210000":20164428,"240000":23044428,"270000":25924428,"30000":2884428,"300000":28804428,"60000":576
4428,"90000":8644428}},"nym-increase-proportional":{"cs":{"120000":28824802,"150000":34187261,"180000":39552525,"210000":44926029,"240000":50302888,"270000":55687278,"30000":12742254,"300000":61074760,"60000":1810
1052,"90000":23464293},"pk":{"120000":280550525,"150000":318350525,"180000":356150525,"210000":494613821,"240000":532413821,"270000":570213821,"30000":91653053,"300000":608013821,"60000":154618877,"90000":19241887
7},"vk":{"120000":11524428,"150000":14404428,"180000":17284428,"210000":20164428,"240000":23044428,"270000":25924428,"30000":2884428,"300000":28804428,"60000":5764428,"90000":8644428}},"nym-increase-uniform":{"cs"
:{"120000":28798284,"150000":34151725,"180000":39505042,"210000":44858406,"240000":50218322,"270000":55571839,"30000":12727422,"300000":60925167,"60000":18085970,"90000":23439747},"pk":{"120000":280550525,"150000"
:318350525,"180000":356150525,"210000":494613821,"240000":532413821,"270000":570213821,"30000":91653053,"300000":608013821,"60000":154618877,"90000":192418877},"vk":{"120000":11524428,"150000":14404428,"180000":17
284428,"210000":20164428,"240000":23044428,"270000":25924428,"30000":2884428,"300000":28804428,"60000":5764428,"90000":8644428}},"period-increase-gaussian":{"cs":{"180":48015755,"270":69185990,"360":90325638,"450"
:111490193,"540":132626833,"630":153788734,"720":174922690,"810":196082996,"90":26849688,"900":218261064},"pk":{"180":297836825,"270":376248605,"360":454660385,"450":633735461,"540":712147241,"630":790559021,"720"
:868970801,"810":947382581,"90":169093397,"900":1227120953},"vk":{"180":2898828,"270":2907468,"360":2916108,"450":2924748,"540":2933388,"630":2942028,"720":2950668,"810":2959308,"90":2890188,"900":2967948}},"perio
d-increase-proportional":{"cs":{"180":48023845,"270":69202125,"360":90343979,"450":111507286,"540":132640890,"630":153797633,"720":174921602,"810":196071636,"90":26854439,"900":218324885},"pk":{"180":297836825,"27
0":376248605,"360":454660385,"450":633735461,"540":712147241,"630":790559021,"720":868970801,"810":947382581,"90":169093397,"900":1227120953},"vk":{"180":2898828,"270":2907468,"360":2916108,"450":2924748,"540":293
3388,"630":2942028,"720":2950668,"810":2959308,"90":2890188,"900":2967948}},"period-increase-uniform":{"cs":{"180":48023323,"270":69207936,"360":90371864,"450":111465737,"540":132607581,"630":153781688,"720":17492
4992,"810":196095541,"90":26851622,"900":218422332},"pk":{"180":297836825,"270":376248605,"360":454660385,"450":633735461,"540":712147241,"630":790559021,"720":868970801,"810":947382581,"90":169093397,"900":122712
0953},"vk":{"180":2898828,"270":2907468,"360":2916108,"450":2924748,"540":2933388,"630":2942028,"720":2950668,"810":2959308,"90":2890188,"900":2967948}},"sess-increase-uniform":{"cs":{"10":23789336,"20":45912732,"
30":68013244,"40":90136712,"50":113131068,"60":139248096,"70":165387868,"80":191527560,"90":217644684},"pk":{"10":172056077,"20":332862125,"30":543999821,"40":654474221,"50":966275213,"60":1076749613,"70":11872240
13,"80":1297698413,"90":1408172813},"vk":{"10":2884428,"20":2884428,"30":2884428,"40":2884428,"50":2884428,"60":2884428,"70":2884428,"80":2884428,"90":2884428}}}
search key at ./update_verifier-sess-increase-uniform--100.meta.json
compile skip
{"env":{"default":{"alpha":1,"baseNymNum":30000,"basePeriodNum":30,"beta":3}},"nym-increase-gaussian":{"cs":{"120000":28852754,"150000":34235104,"180000":39629781,"210000":45018242,"240000":50407252,"270000":55796
471,"30000":12750843,"300000":61186629,"60000":18115323,"90000":23478537},"pk":{"120000":280550525,"150000":318350525,"180000":356150525,"210000":494613821,"240000":532413821,"270000":570213821,"30000":91653053,"3
00000":608013821,"60000":154618877,"90000":192418877},"vk":{"120000":11524428,"150000":14404428,"180000":17284428,"210000":20164428,"240000":23044428,"270000":25924428,"30000":2884428,"300000":28804428,"60000":576
4428,"90000":8644428}},"nym-increase-proportional":{"cs":{"120000":28824802,"150000":34187261,"180000":39552525,"210000":44926029,"240000":50302888,"270000":55687278,"30000":12742254,"300000":61074760,"60000":1810
1052,"90000":23464293},"pk":{"120000":280550525,"150000":318350525,"180000":356150525,"210000":494613821,"240000":532413821,"270000":570213821,"30000":91653053,"300000":608013821,"60000":154618877,"90000":19241887
7},"vk":{"120000":11524428,"150000":14404428,"180000":17284428,"210000":20164428,"240000":23044428,"270000":25924428,"30000":2884428,"300000":28804428,"60000":5764428,"90000":8644428}},"nym-increase-uniform":{"cs"
:{"120000":28798284,"150000":34151725,"180000":39505042,"210000":44858406,"240000":50218322,"270000":55571839,"30000":12727422,"300000":60925167,"60000":18085970,"90000":23439747},"pk":{"120000":280550525,"150000"
:318350525,"180000":356150525,"210000":494613821,"240000":532413821,"270000":570213821,"30000":91653053,"300000":608013821,"60000":154618877,"90000":192418877},"vk":{"120000":11524428,"150000":14404428,"180000":17
284428,"210000":20164428,"240000":23044428,"270000":25924428,"30000":2884428,"300000":28804428,"60000":5764428,"90000":8644428}},"period-increase-gaussian":{"cs":{"180":48015755,"270":69185990,"360":90325638,"450"
:111490193,"540":132626833,"630":153788734,"720":174922690,"810":196082996,"90":26849688,"900":218261064},"pk":{"180":297836825,"270":376248605,"360":454660385,"450":633735461,"540":712147241,"630":790559021,"720"
:868970801,"810":947382581,"90":169093397,"900":1227120953},"vk":{"180":2898828,"270":2907468,"360":2916108,"450":2924748,"540":2933388,"630":2942028,"720":2950668,"810":2959308,"90":2890188,"900":2967948}},"perio
d-increase-proportional":{"cs":{"180":48023845,"270":69202125,"360":90343979,"450":111507286,"540":132640890,"630":153797633,"720":174921602,"810":196071636,"90":26854439,"900":218324885},"pk":{"180":297836825,"27
0":376248605,"360":454660385,"450":633735461,"540":712147241,"630":790559021,"720":868970801,"810":947382581,"90":169093397,"900":1227120953},"vk":{"180":2898828,"270":2907468,"360":2916108,"450":2924748,"540":293
3388,"630":2942028,"720":2950668,"810":2959308,"90":2890188,"900":2967948}},"period-increase-uniform":{"cs":{"180":48023323,"270":69207936,"360":90371864,"450":111465737,"540":132607581,"630":153781688,"720":17492
4992,"810":196095541,"90":26851622,"900":218422332},"pk":{"180":297836825,"270":376248605,"360":454660385,"450":633735461,"540":712147241,"630":790559021,"720":868970801,"810":947382581,"90":169093397,"900":122712
0953},"vk":{"180":2898828,"270":2907468,"360":2916108,"450":2924748,"540":2933388,"630":2942028,"720":2950668,"810":2959308,"90":2890188,"900":2967948}},"sess-increase-uniform":{"cs":{"10":23789336,"100":243784560
,"20":45912732,"30":68013244,"40":90136712,"50":113131068,"60":139248096,"70":165387868,"80":191527560,"90":217644684},"pk":{"10":172056077,"100":1921300397,"20":332862125,"30":543999821,"40":654474221,"50":966275
213,"60":1076749613,"70":1187224013,"80":1297698413,"90":1408172813},"vk":{"10":2884428,"100":2884428,"20":2884428,"30":2884428,"40":2884428,"50":2884428,"60":2884428,"70":2884428,"80":2884428,"90":2884428}}}
search key at ./update_verifier-sess-increase-proportional--10.meta.json
compile skip
{"env":{"default":{"alpha":1,"baseNymNum":30000,"basePeriodNum":30,"beta":3}},"nym-increase-gaussian":{"cs":{"120000":28852754,"150000":34235104,"180000":39629781,"210000":45018242,"240000":50407252,"270000":55796
471,"30000":12750843,"300000":61186629,"60000":18115323,"90000":23478537},"pk":{"120000":280550525,"150000":318350525,"180000":356150525,"210000":494613821,"240000":532413821,"270000":570213821,"30000":91653053,"3
00000":608013821,"60000":154618877,"90000":192418877},"vk":{"120000":11524428,"150000":14404428,"180000":17284428,"210000":20164428,"240000":23044428,"270000":25924428,"30000":2884428,"300000":28804428,"60000":576
4428,"90000":8644428}},"nym-increase-proportional":{"cs":{"120000":28824802,"150000":34187261,"180000":39552525,"210000":44926029,"240000":50302888,"270000":55687278,"30000":12742254,"300000":61074760,"60000":1810
1052,"90000":23464293},"pk":{"120000":280550525,"150000":318350525,"180000":356150525,"210000":494613821,"240000":532413821,"270000":570213821,"30000":91653053,"300000":608013821,"60000":154618877,"90000":19241887
7},"vk":{"120000":11524428,"150000":14404428,"180000":17284428,"210000":20164428,"240000":23044428,"270000":25924428,"30000":2884428,"300000":28804428,"60000":5764428,"90000":8644428}},"nym-increase-uniform":{"cs"
:{"120000":28798284,"150000":34151725,"180000":39505042,"210000":44858406,"240000":50218322,"270000":55571839,"30000":12727422,"300000":60925167,"60000":18085970,"90000":23439747},"pk":{"120000":280550525,"150000"
:318350525,"180000":356150525,"210000":494613821,"240000":532413821,"270000":570213821,"30000":91653053,"300000":608013821,"60000":154618877,"90000":192418877},"vk":{"120000":11524428,"150000":14404428,"180000":17
284428,"210000":20164428,"240000":23044428,"270000":25924428,"30000":2884428,"300000":28804428,"60000":5764428,"90000":8644428}},"period-increase-gaussian":{"cs":{"180":48015755,"270":69185990,"360":90325638,"450"
:111490193,"540":132626833,"630":153788734,"720":174922690,"810":196082996,"90":26849688,"900":218261064},"pk":{"180":297836825,"270":376248605,"360":454660385,"450":633735461,"540":712147241,"630":790559021,"720"
:868970801,"810":947382581,"90":169093397,"900":1227120953},"vk":{"180":2898828,"270":2907468,"360":2916108,"450":2924748,"540":2933388,"630":2942028,"720":2950668,"810":2959308,"90":2890188,"900":2967948}},"perio
d-increase-proportional":{"cs":{"180":48023845,"270":69202125,"360":90343979,"450":111507286,"540":132640890,"630":153797633,"720":174921602,"810":196071636,"90":26854439,"900":218324885},"pk":{"180":297836825,"27
0":376248605,"360":454660385,"450":633735461,"540":712147241,"630":790559021,"720":868970801,"810":947382581,"90":169093397,"900":1227120953},"vk":{"180":2898828,"270":2907468,"360":2916108,"450":2924748,"540":293
3388,"630":2942028,"720":2950668,"810":2959308,"90":2890188,"900":2967948}},"period-increase-uniform":{"cs":{"180":48023323,"270":69207936,"360":90371864,"450":111465737,"540":132607581,"630":153781688,"720":17492
4992,"810":196095541,"90":26851622,"900":218422332},"pk":{"180":297836825,"270":376248605,"360":454660385,"450":633735461,"540":712147241,"630":790559021,"720":868970801,"810":947382581,"90":169093397,"900":122712
0953},"vk":{"180":2898828,"270":2907468,"360":2916108,"450":2924748,"540":2933388,"630":2942028,"720":2950668,"810":2959308,"90":2890188,"900":2967948}},"sess-increase-proportional":{"cs":{"10":23802068},"pk":{"10
":172056077},"vk":{"10":2884428}},"sess-increase-uniform":{"cs":{"10":23789336,"100":243784560,"20":45912732,"30":68013244,"40":90136712,"50":113131068,"60":139248096,"70":165387868,"80":191527560,"90":217644684},
"pk":{"10":172056077,"100":1921300397,"20":332862125,"30":543999821,"40":654474221,"50":966275213,"60":1076749613,"70":1187224013,"80":1297698413,"90":1408172813},"vk":{"10":2884428,"100":2884428,"20":2884428,"30"
:2884428,"40":2884428,"50":2884428,"60":2884428,"70":2884428,"80":2884428,"90":2884428}}}
search key at ./update_verifier-sess-increase-proportional--20.meta.json
compile skip
{"env":{"default":{"alpha":1,"baseNymNum":30000,"basePeriodNum":30,"beta":3}},"nym-increase-gaussian":{"cs":{"120000":28852754,"150000":34235104,"180000":39629781,"210000":45018242,"240000":50407252,"270000":55796
471,"30000":12750843,"300000":61186629,"60000":18115323,"90000":23478537},"pk":{"120000":280550525,"150000":318350525,"180000":356150525,"210000":494613821,"240000":532413821,"270000":570213821,"30000":91653053,"3
00000":608013821,"60000":154618877,"90000":192418877},"vk":{"120000":11524428,"150000":14404428,"180000":17284428,"210000":20164428,"240000":23044428,"270000":25924428,"30000":2884428,"300000":28804428,"60000":576
4428,"90000":8644428}},"nym-increase-proportional":{"cs":{"120000":28824802,"150000":34187261,"180000":39552525,"210000":44926029,"240000":50302888,"270000":55687278,"30000":12742254,"300000":61074760,"60000":1810
1052,"90000":23464293},"pk":{"120000":280550525,"150000":318350525,"180000":356150525,"210000":494613821,"240000":532413821,"270000":570213821,"30000":91653053,"300000":608013821,"60000":154618877,"90000":19241887
7},"vk":{"120000":11524428,"150000":14404428,"180000":17284428,"210000":20164428,"240000":23044428,"270000":25924428,"30000":2884428,"300000":28804428,"60000":5764428,"90000":8644428}},"nym-increase-uniform":{"cs"
:{"120000":28798284,"150000":34151725,"180000":39505042,"210000":44858406,"240000":50218322,"270000":55571839,"30000":12727422,"300000":60925167,"60000":18085970,"90000":23439747},"pk":{"120000":280550525,"150000"
:318350525,"180000":356150525,"210000":494613821,"240000":532413821,"270000":570213821,"30000":91653053,"300000":608013821,"60000":154618877,"90000":192418877},"vk":{"120000":11524428,"150000":14404428,"180000":17
284428,"210000":20164428,"240000":23044428,"270000":25924428,"30000":2884428,"300000":28804428,"60000":5764428,"90000":8644428}},"period-increase-gaussian":{"cs":{"180":48015755,"270":69185990,"360":90325638,"450"
:111490193,"540":132626833,"630":153788734,"720":174922690,"810":196082996,"90":26849688,"900":218261064},"pk":{"180":297836825,"270":376248605,"360":454660385,"450":633735461,"540":712147241,"630":790559021,"720"
:868970801,"810":947382581,"90":169093397,"900":1227120953},"vk":{"180":2898828,"270":2907468,"360":2916108,"450":2924748,"540":2933388,"630":2942028,"720":2950668,"810":2959308,"90":2890188,"900":2967948}},"perio
d-increase-proportional":{"cs":{"180":48023845,"270":69202125,"360":90343979,"450":111507286,"540":132640890,"630":153797633,"720":174921602,"810":196071636,"90":26854439,"900":218324885},"pk":{"180":297836825,"27
0":376248605,"360":454660385,"450":633735461,"540":712147241,"630":790559021,"720":868970801,"810":947382581,"90":169093397,"900":1227120953},"vk":{"180":2898828,"270":2907468,"360":2916108,"450":2924748,"540":293
3388,"630":2942028,"720":2950668,"810":2959308,"90":2890188,"900":2967948}},"period-increase-uniform":{"cs":{"180":48023323,"270":69207936,"360":90371864,"450":111465737,"540":132607581,"630":153781688,"720":17492
4992,"810":196095541,"90":26851622,"900":218422332},"pk":{"180":297836825,"270":376248605,"360":454660385,"450":633735461,"540":712147241,"630":790559021,"720":868970801,"810":947382581,"90":169093397,"900":122712
0953},"vk":{"180":2898828,"270":2907468,"360":2916108,"450":2924748,"540":2933388,"630":2942028,"720":2950668,"810":2959308,"90":2890188,"900":2967948}},"sess-increase-proportional":{"cs":{"10":23802068,"20":45921
508},"pk":{"10":172056077,"20":332862125},"vk":{"10":2884428,"20":2884428}},"sess-increase-uniform":{"cs":{"10":23789336,"100":243784560,"20":45912732,"30":68013244,"40":90136712,"50":113131068,"60":139248096,"70"
:165387868,"80":191527560,"90":217644684},"pk":{"10":172056077,"100":1921300397,"20":332862125,"30":543999821,"40":654474221,"50":966275213,"60":1076749613,"70":1187224013,"80":1297698413,"90":1408172813},"vk":{"1
0":2884428,"100":2884428,"20":2884428,"30":2884428,"40":2884428,"50":2884428,"60":2884428,"70":2884428,"80":2884428,"90":2884428}}}
search key at ./update_verifier-sess-increase-proportional--30.meta.json
compile skip
{"env":{"default":{"alpha":1,"baseNymNum":30000,"basePeriodNum":30,"beta":3}},"nym-increase-gaussian":{"cs":{"120000":28852754,"150000":34235104,"180000":39629781,"210000":45018242,"240000":50407252,"270000":55796
471,"30000":12750843,"300000":61186629,"60000":18115323,"90000":23478537},"pk":{"120000":280550525,"150000":318350525,"180000":356150525,"210000":494613821,"240000":532413821,"270000":570213821,"30000":91653053,"3
00000":608013821,"60000":154618877,"90000":192418877},"vk":{"120000":11524428,"150000":14404428,"180000":17284428,"210000":20164428,"240000":23044428,"270000":25924428,"30000":2884428,"300000":28804428,"60000":576
4428,"90000":8644428}},"nym-increase-proportional":{"cs":{"120000":28824802,"150000":34187261,"180000":39552525,"210000":44926029,"240000":50302888,"270000":55687278,"30000":12742254,"300000":61074760,"60000":1810
1052,"90000":23464293},"pk":{"120000":280550525,"150000":318350525,"180000":356150525,"210000":494613821,"240000":532413821,"270000":570213821,"30000":91653053,"300000":608013821,"60000":154618877,"90000":19241887
7},"vk":{"120000":11524428,"150000":14404428,"180000":17284428,"210000":20164428,"240000":23044428,"270000":25924428,"30000":2884428,"300000":28804428,"60000":5764428,"90000":8644428}},"nym-increase-uniform":{"cs"
:{"120000":28798284,"150000":34151725,"180000":39505042,"210000":44858406,"240000":50218322,"270000":55571839,"30000":12727422,"300000":60925167,"60000":18085970,"90000":23439747},"pk":{"120000":280550525,"150000"
:318350525,"180000":356150525,"210000":494613821,"240000":532413821,"270000":570213821,"30000":91653053,"300000":608013821,"60000":154618877,"90000":192418877},"vk":{"120000":11524428,"150000":14404428,"180000":17
284428,"210000":20164428,"240000":23044428,"270000":25924428,"30000":2884428,"300000":28804428,"60000":5764428,"90000":8644428}},"period-increase-gaussian":{"cs":{"180":48015755,"270":69185990,"360":90325638,"450"
:111490193,"540":132626833,"630":153788734,"720":174922690,"810":196082996,"90":26849688,"900":218261064},"pk":{"180":297836825,"270":376248605,"360":454660385,"450":633735461,"540":712147241,"630":790559021,"720"
:868970801,"810":947382581,"90":169093397,"900":1227120953},"vk":{"180":2898828,"270":2907468,"360":2916108,"450":2924748,"540":2933388,"630":2942028,"720":2950668,"810":2959308,"90":2890188,"900":2967948}},"perio
d-increase-proportional":{"cs":{"180":48023845,"270":69202125,"360":90343979,"450":111507286,"540":132640890,"630":153797633,"720":174921602,"810":196071636,"90":26854439,"900":218324885},"pk":{"180":297836825,"27
0":376248605,"360":454660385,"450":633735461,"540":712147241,"630":790559021,"720":868970801,"810":947382581,"90":169093397,"900":1227120953},"vk":{"180":2898828,"270":2907468,"360":2916108,"450":2924748,"540":293
3388,"630":2942028,"720":2950668,"810":2959308,"90":2890188,"900":2967948}},"period-increase-uniform":{"cs":{"180":48023323,"270":69207936,"360":90371864,"450":111465737,"540":132607581,"630":153781688,"720":17492
4992,"810":196095541,"90":26851622,"900":218422332},"pk":{"180":297836825,"270":376248605,"360":454660385,"450":633735461,"540":712147241,"630":790559021,"720":868970801,"810":947382581,"90":169093397,"900":122712
0953},"vk":{"180":2898828,"270":2907468,"360":2916108,"450":2924748,"540":2933388,"630":2942028,"720":2950668,"810":2959308,"90":2890188,"900":2967948}},"sess-increase-proportional":{"cs":{"10":23802068,"20":45921
508,"30":68022944},"pk":{"10":172056077,"20":332862125,"30":543999821},"vk":{"10":2884428,"20":2884428,"30":2884428}},"sess-increase-uniform":{"cs":{"10":23789336,"100":243784560,"20":45912732,"30":68013244,"40":9
0136712,"50":113131068,"60":139248096,"70":165387868,"80":191527560,"90":217644684},"pk":{"10":172056077,"100":1921300397,"20":332862125,"30":543999821,"40":654474221,"50":966275213,"60":1076749613,"70":1187224013
,"80":1297698413,"90":1408172813},"vk":{"10":2884428,"100":2884428,"20":2884428,"30":2884428,"40":2884428,"50":2884428,"60":2884428,"70":2884428,"80":2884428,"90":2884428}}}
search key at ./update_verifier-sess-increase-proportional--40.meta.json
compile skip
{"env":{"default":{"alpha":1,"baseNymNum":30000,"basePeriodNum":30,"beta":3}},"nym-increase-gaussian":{"cs":{"120000":28852754,"150000":34235104,"180000":39629781,"210000":45018242,"240000":50407252,"270000":55796
471,"30000":12750843,"300000":61186629,"60000":18115323,"90000":23478537},"pk":{"120000":280550525,"150000":318350525,"180000":356150525,"210000":494613821,"240000":532413821,"270000":570213821,"30000":91653053,"3
00000":608013821,"60000":154618877,"90000":192418877},"vk":{"120000":11524428,"150000":14404428,"180000":17284428,"210000":20164428,"240000":23044428,"270000":25924428,"30000":2884428,"300000":28804428,"60000":576
4428,"90000":8644428}},"nym-increase-proportional":{"cs":{"120000":28824802,"150000":34187261,"180000":39552525,"210000":44926029,"240000":50302888,"270000":55687278,"30000":12742254,"300000":61074760,"60000":1810
1052,"90000":23464293},"pk":{"120000":280550525,"150000":318350525,"180000":356150525,"210000":494613821,"240000":532413821,"270000":570213821,"30000":91653053,"300000":608013821,"60000":154618877,"90000":19241887
7},"vk":{"120000":11524428,"150000":14404428,"180000":17284428,"210000":20164428,"240000":23044428,"270000":25924428,"30000":2884428,"300000":28804428,"60000":5764428,"90000":8644428}},"nym-increase-uniform":{"cs"
:{"120000":28798284,"150000":34151725,"180000":39505042,"210000":44858406,"240000":50218322,"270000":55571839,"30000":12727422,"300000":60925167,"60000":18085970,"90000":23439747},"pk":{"120000":280550525,"150000"
:318350525,"180000":356150525,"210000":494613821,"240000":532413821,"270000":570213821,"30000":91653053,"300000":608013821,"60000":154618877,"90000":192418877},"vk":{"120000":11524428,"150000":14404428,"180000":17
284428,"210000":20164428,"240000":23044428,"270000":25924428,"30000":2884428,"300000":28804428,"60000":5764428,"90000":8644428}},"period-increase-gaussian":{"cs":{"180":48015755,"270":69185990,"360":90325638,"450"
:111490193,"540":132626833,"630":153788734,"720":174922690,"810":196082996,"90":26849688,"900":218261064},"pk":{"180":297836825,"270":376248605,"360":454660385,"450":633735461,"540":712147241,"630":790559021,"720"
:868970801,"810":947382581,"90":169093397,"900":1227120953},"vk":{"180":2898828,"270":2907468,"360":2916108,"450":2924748,"540":2933388,"630":2942028,"720":2950668,"810":2959308,"90":2890188,"900":2967948}},"perio
d-increase-proportional":{"cs":{"180":48023845,"270":69202125,"360":90343979,"450":111507286,"540":132640890,"630":153797633,"720":174921602,"810":196071636,"90":26854439,"900":218324885},"pk":{"180":297836825,"27
0":376248605,"360":454660385,"450":633735461,"540":712147241,"630":790559021,"720":868970801,"810":947382581,"90":169093397,"900":1227120953},"vk":{"180":2898828,"270":2907468,"360":2916108,"450":2924748,"540":293
3388,"630":2942028,"720":2950668,"810":2959308,"90":2890188,"900":2967948}},"period-increase-uniform":{"cs":{"180":48023323,"270":69207936,"360":90371864,"450":111465737,"540":132607581,"630":153781688,"720":17492
4992,"810":196095541,"90":26851622,"900":218422332},"pk":{"180":297836825,"270":376248605,"360":454660385,"450":633735461,"540":712147241,"630":790559021,"720":868970801,"810":947382581,"90":169093397,"900":122712
0953},"vk":{"180":2898828,"270":2907468,"360":2916108,"450":2924748,"540":2933388,"630":2942028,"720":2950668,"810":2959308,"90":2890188,"900":2967948}},"sess-increase-proportional":{"cs":{"10":23802068,"20":45921
508,"30":68022944,"40":90142312},"pk":{"10":172056077,"20":332862125,"30":543999821,"40":654474221},"vk":{"10":2884428,"20":2884428,"30":2884428,"40":2884428}},"sess-increase-uniform":{"cs":{"10":23789336,"100":24
3784560,"20":45912732,"30":68013244,"40":90136712,"50":113131068,"60":139248096,"70":165387868,"80":191527560,"90":217644684},"pk":{"10":172056077,"100":1921300397,"20":332862125,"30":543999821,"40":654474221,"50"
:966275213,"60":1076749613,"70":1187224013,"80":1297698413,"90":1408172813},"vk":{"10":2884428,"100":2884428,"20":2884428,"30":2884428,"40":2884428,"50":2884428,"60":2884428,"70":2884428,"80":2884428,"90":2884428}
}}
search key at ./update_verifier-sess-increase-proportional--50.meta.json
compile skip
{"env":{"default":{"alpha":1,"baseNymNum":30000,"basePeriodNum":30,"beta":3}},"nym-increase-gaussian":{"cs":{"120000":28852754,"150000":34235104,"180000":39629781,"210000":45018242,"240000":50407252,"270000":55796
471,"30000":12750843,"300000":61186629,"60000":18115323,"90000":23478537},"pk":{"120000":280550525,"150000":318350525,"180000":356150525,"210000":494613821,"240000":532413821,"270000":570213821,"30000":91653053,"3
00000":608013821,"60000":154618877,"90000":192418877},"vk":{"120000":11524428,"150000":14404428,"180000":17284428,"210000":20164428,"240000":23044428,"270000":25924428,"30000":2884428,"300000":28804428,"60000":576
4428,"90000":8644428}},"nym-increase-proportional":{"cs":{"120000":28824802,"150000":34187261,"180000":39552525,"210000":44926029,"240000":50302888,"270000":55687278,"30000":12742254,"300000":61074760,"60000":1810
1052,"90000":23464293},"pk":{"120000":280550525,"150000":318350525,"180000":356150525,"210000":494613821,"240000":532413821,"270000":570213821,"30000":91653053,"300000":608013821,"60000":154618877,"90000":19241887
7},"vk":{"120000":11524428,"150000":14404428,"180000":17284428,"210000":20164428,"240000":23044428,"270000":25924428,"30000":2884428,"300000":28804428,"60000":5764428,"90000":8644428}},"nym-increase-uniform":{"cs"
:{"120000":28798284,"150000":34151725,"180000":39505042,"210000":44858406,"240000":50218322,"270000":55571839,"30000":12727422,"300000":60925167,"60000":18085970,"90000":23439747},"pk":{"120000":280550525,"150000"
:318350525,"180000":356150525,"210000":494613821,"240000":532413821,"270000":570213821,"30000":91653053,"300000":608013821,"60000":154618877,"90000":192418877},"vk":{"120000":11524428,"150000":14404428,"180000":17
284428,"210000":20164428,"240000":23044428,"270000":25924428,"30000":2884428,"300000":28804428,"60000":5764428,"90000":8644428}},"period-increase-gaussian":{"cs":{"180":48015755,"270":69185990,"360":90325638,"450"
:111490193,"540":132626833,"630":153788734,"720":174922690,"810":196082996,"90":26849688,"900":218261064},"pk":{"180":297836825,"270":376248605,"360":454660385,"450":633735461,"540":712147241,"630":790559021,"720"
:868970801,"810":947382581,"90":169093397,"900":1227120953},"vk":{"180":2898828,"270":2907468,"360":2916108,"450":2924748,"540":2933388,"630":2942028,"720":2950668,"810":2959308,"90":2890188,"900":2967948}},"perio
d-increase-proportional":{"cs":{"180":48023845,"270":69202125,"360":90343979,"450":111507286,"540":132640890,"630":153797633,"720":174921602,"810":196071636,"90":26854439,"900":218324885},"pk":{"180":297836825,"27
0":376248605,"360":454660385,"450":633735461,"540":712147241,"630":790559021,"720":868970801,"810":947382581,"90":169093397,"900":1227120953},"vk":{"180":2898828,"270":2907468,"360":2916108,"450":2924748,"540":293
3388,"630":2942028,"720":2950668,"810":2959308,"90":2890188,"900":2967948}},"period-increase-uniform":{"cs":{"180":48023323,"270":69207936,"360":90371864,"450":111465737,"540":132607581,"630":153781688,"720":17492
4992,"810":196095541,"90":26851622,"900":218422332},"pk":{"180":297836825,"270":376248605,"360":454660385,"450":633735461,"540":712147241,"630":790559021,"720":868970801,"810":947382581,"90":169093397,"900":122712
0953},"vk":{"180":2898828,"270":2907468,"360":2916108,"450":2924748,"540":2933388,"630":2942028,"720":2950668,"810":2959308,"90":2890188,"900":2967948}},"sess-increase-proportional":{"cs":{"10":23802068,"20":45921
508,"30":68022944,"40":90142312,"50":112896542},"pk":{"10":172056077,"20":332862125,"30":543999821,"40":654474221,"50":966275213},"vk":{"10":2884428,"20":2884428,"30":2884428,"40":2884428,"50":2884428}},"sess-incr
ease-uniform":{"cs":{"10":23789336,"100":243784560,"20":45912732,"30":68013244,"40":90136712,"50":113131068,"60":139248096,"70":165387868,"80":191527560,"90":217644684},"pk":{"10":172056077,"100":1921300397,"20":3
32862125,"30":543999821,"40":654474221,"50":966275213,"60":1076749613,"70":1187224013,"80":1297698413,"90":1408172813},"vk":{"10":2884428,"100":2884428,"20":2884428,"30":2884428,"40":2884428,"50":2884428,"60":2884
428,"70":2884428,"80":2884428,"90":2884428}}}
search key at ./update_verifier-sess-increase-proportional--60.meta.json
compile skip
{"env":{"default":{"alpha":1,"baseNymNum":30000,"basePeriodNum":30,"beta":3}},"nym-increase-gaussian":{"cs":{"120000":28852754,"150000":34235104,"180000":39629781,"210000":45018242,"240000":50407252,"270000":55796
471,"30000":12750843,"300000":61186629,"60000":18115323,"90000":23478537},"pk":{"120000":280550525,"150000":318350525,"180000":356150525,"210000":494613821,"240000":532413821,"270000":570213821,"30000":91653053,"3
00000":608013821,"60000":154618877,"90000":192418877},"vk":{"120000":11524428,"150000":14404428,"180000":17284428,"210000":20164428,"240000":23044428,"270000":25924428,"30000":2884428,"300000":28804428,"60000":576
4428,"90000":8644428}},"nym-increase-proportional":{"cs":{"120000":28824802,"150000":34187261,"180000":39552525,"210000":44926029,"240000":50302888,"270000":55687278,"30000":12742254,"300000":61074760,"60000":1810
1052,"90000":23464293},"pk":{"120000":280550525,"150000":318350525,"180000":356150525,"210000":494613821,"240000":532413821,"270000":570213821,"30000":91653053,"300000":608013821,"60000":154618877,"90000":19241887
7},"vk":{"120000":11524428,"150000":14404428,"180000":17284428,"210000":20164428,"240000":23044428,"270000":25924428,"30000":2884428,"300000":28804428,"60000":5764428,"90000":8644428}},"nym-increase-uniform":{"cs"
:{"120000":28798284,"150000":34151725,"180000":39505042,"210000":44858406,"240000":50218322,"270000":55571839,"30000":12727422,"300000":60925167,"60000":18085970,"90000":23439747},"pk":{"120000":280550525,"150000"
:318350525,"180000":356150525,"210000":494613821,"240000":532413821,"270000":570213821,"30000":91653053,"300000":608013821,"60000":154618877,"90000":192418877},"vk":{"120000":11524428,"150000":14404428,"180000":17
284428,"210000":20164428,"240000":23044428,"270000":25924428,"30000":2884428,"300000":28804428,"60000":5764428,"90000":8644428}},"period-increase-gaussian":{"cs":{"180":48015755,"270":69185990,"360":90325638,"450"
:111490193,"540":132626833,"630":153788734,"720":174922690,"810":196082996,"90":26849688,"900":218261064},"pk":{"180":297836825,"270":376248605,"360":454660385,"450":633735461,"540":712147241,"630":790559021,"720"
:868970801,"810":947382581,"90":169093397,"900":1227120953},"vk":{"180":2898828,"270":2907468,"360":2916108,"450":2924748,"540":2933388,"630":2942028,"720":2950668,"810":2959308,"90":2890188,"900":2967948}},"perio
d-increase-proportional":{"cs":{"180":48023845,"270":69202125,"360":90343979,"450":111507286,"540":132640890,"630":153797633,"720":174921602,"810":196071636,"90":26854439,"900":218324885},"pk":{"180":297836825,"27
0":376248605,"360":454660385,"450":633735461,"540":712147241,"630":790559021,"720":868970801,"810":947382581,"90":169093397,"900":1227120953},"vk":{"180":2898828,"270":2907468,"360":2916108,"450":2924748,"540":293
3388,"630":2942028,"720":2950668,"810":2959308,"90":2890188,"900":2967948}},"period-increase-uniform":{"cs":{"180":48023323,"270":69207936,"360":90371864,"450":111465737,"540":132607581,"630":153781688,"720":17492
4992,"810":196095541,"90":26851622,"900":218422332},"pk":{"180":297836825,"270":376248605,"360":454660385,"450":633735461,"540":712147241,"630":790559021,"720":868970801,"810":947382581,"90":169093397,"900":122712
0953},"vk":{"180":2898828,"270":2907468,"360":2916108,"450":2924748,"540":2933388,"630":2942028,"720":2950668,"810":2959308,"90":2890188,"900":2967948}},"sess-increase-proportional":{"cs":{"10":23802068,"20":45921
508,"30":68022944,"40":90142312,"50":112896542,"60":137995010},"pk":{"10":172056077,"20":332862125,"30":543999821,"40":654474221,"50":966275213,"60":1076749613},"vk":{"10":2884428,"20":2884428,"30":2884428,"40":28
84428,"50":2884428,"60":2884428}},"sess-increase-uniform":{"cs":{"10":23789336,"100":243784560,"20":45912732,"30":68013244,"40":90136712,"50":113131068,"60":139248096,"70":165387868,"80":191527560,"90":217644684},
"pk":{"10":172056077,"100":1921300397,"20":332862125,"30":543999821,"40":654474221,"50":966275213,"60":1076749613,"70":1187224013,"80":1297698413,"90":1408172813},"vk":{"10":2884428,"100":2884428,"20":2884428,"30"
:2884428,"40":2884428,"50":2884428,"60":2884428,"70":2884428,"80":2884428,"90":2884428}}}
search key at ./update_verifier-sess-increase-proportional--70.meta.json
compile skip
{"env":{"default":{"alpha":1,"baseNymNum":30000,"basePeriodNum":30,"beta":3}},"nym-increase-gaussian":{"cs":{"120000":28852754,"150000":34235104,"180000":39629781,"210000":45018242,"240000":50407252,"270000":55796
471,"30000":12750843,"300000":61186629,"60000":18115323,"90000":23478537},"pk":{"120000":280550525,"150000":318350525,"180000":356150525,"210000":494613821,"240000":532413821,"270000":570213821,"30000":91653053,"3
00000":608013821,"60000":154618877,"90000":192418877},"vk":{"120000":11524428,"150000":14404428,"180000":17284428,"210000":20164428,"240000":23044428,"270000":25924428,"30000":2884428,"300000":28804428,"60000":576
4428,"90000":8644428}},"nym-increase-proportional":{"cs":{"120000":28824802,"150000":34187261,"180000":39552525,"210000":44926029,"240000":50302888,"270000":55687278,"30000":12742254,"300000":61074760,"60000":1810
1052,"90000":23464293},"pk":{"120000":280550525,"150000":318350525,"180000":356150525,"210000":494613821,"240000":532413821,"270000":570213821,"30000":91653053,"300000":608013821,"60000":154618877,"90000":19241887
7},"vk":{"120000":11524428,"150000":14404428,"180000":17284428,"210000":20164428,"240000":23044428,"270000":25924428,"30000":2884428,"300000":28804428,"60000":5764428,"90000":8644428}},"nym-increase-uniform":{"cs"
:{"120000":28798284,"150000":34151725,"180000":39505042,"210000":44858406,"240000":50218322,"270000":55571839,"30000":12727422,"300000":60925167,"60000":18085970,"90000":23439747},"pk":{"120000":280550525,"150000"
:318350525,"180000":356150525,"210000":494613821,"240000":532413821,"270000":570213821,"30000":91653053,"300000":608013821,"60000":154618877,"90000":192418877},"vk":{"120000":11524428,"150000":14404428,"180000":17
284428,"210000":20164428,"240000":23044428,"270000":25924428,"30000":2884428,"300000":28804428,"60000":5764428,"90000":8644428}},"period-increase-gaussian":{"cs":{"180":48015755,"270":69185990,"360":90325638,"450"
:111490193,"540":132626833,"630":153788734,"720":174922690,"810":196082996,"90":26849688,"900":218261064},"pk":{"180":297836825,"270":376248605,"360":454660385,"450":633735461,"540":712147241,"630":790559021,"720"
:868970801,"810":947382581,"90":169093397,"900":1227120953},"vk":{"180":2898828,"270":2907468,"360":2916108,"450":2924748,"540":2933388,"630":2942028,"720":2950668,"810":2959308,"90":2890188,"900":2967948}},"perio
d-increase-proportional":{"cs":{"180":48023845,"270":69202125,"360":90343979,"450":111507286,"540":132640890,"630":153797633,"720":174921602,"810":196071636,"90":26854439,"900":218324885},"pk":{"180":297836825,"27
0":376248605,"360":454660385,"450":633735461,"540":712147241,"630":790559021,"720":868970801,"810":947382581,"90":169093397,"900":1227120953},"vk":{"180":2898828,"270":2907468,"360":2916108,"450":2924748,"540":293
3388,"630":2942028,"720":2950668,"810":2959308,"90":2890188,"900":2967948}},"period-increase-uniform":{"cs":{"180":48023323,"270":69207936,"360":90371864,"450":111465737,"540":132607581,"630":153781688,"720":17492
4992,"810":196095541,"90":26851622,"900":218422332},"pk":{"180":297836825,"270":376248605,"360":454660385,"450":633735461,"540":712147241,"630":790559021,"720":868970801,"810":947382581,"90":169093397,"900":122712
0953},"vk":{"180":2898828,"270":2907468,"360":2916108,"450":2924748,"540":2933388,"630":2942028,"720":2950668,"810":2959308,"90":2890188,"900":2967948}},"sess-increase-proportional":{"cs":{"10":23802068,"20":45921
508,"30":68022944,"40":90142312,"50":112896542,"60":137995010,"70":163235444},"pk":{"10":172056077,"20":332862125,"30":543999821,"40":654474221,"50":966275213,"60":1076749613,"70":1187224013},"vk":{"10":2884428,"2
0":2884428,"30":2884428,"40":2884428,"50":2884428,"60":2884428,"70":2884428}},"sess-increase-uniform":{"cs":{"10":23789336,"100":243784560,"20":45912732,"30":68013244,"40":90136712,"50":113131068,"60":139248096,"7
0":165387868,"80":191527560,"90":217644684},"pk":{"10":172056077,"100":1921300397,"20":332862125,"30":543999821,"40":654474221,"50":966275213,"60":1076749613,"70":1187224013,"80":1297698413,"90":1408172813},"vk":{
"10":2884428,"100":2884428,"20":2884428,"30":2884428,"40":2884428,"50":2884428,"60":2884428,"70":2884428,"80":2884428,"90":2884428}}}
search key at ./update_verifier-sess-increase-proportional--80.meta.json
compile skip
{"env":{"default":{"alpha":1,"baseNymNum":30000,"basePeriodNum":30,"beta":3}},"nym-increase-gaussian":{"cs":{"120000":28852754,"150000":34235104,"180000":39629781,"210000":45018242,"240000":50407252,"270000":55796
471,"30000":12750843,"300000":61186629,"60000":18115323,"90000":23478537},"pk":{"120000":280550525,"150000":318350525,"180000":356150525,"210000":494613821,"240000":532413821,"270000":570213821,"30000":91653053,"3
00000":608013821,"60000":154618877,"90000":192418877},"vk":{"120000":11524428,"150000":14404428,"180000":17284428,"210000":20164428,"240000":23044428,"270000":25924428,"30000":2884428,"300000":28804428,"60000":576
4428,"90000":8644428}},"nym-increase-proportional":{"cs":{"120000":28824802,"150000":34187261,"180000":39552525,"210000":44926029,"240000":50302888,"270000":55687278,"30000":12742254,"300000":61074760,"60000":1810
1052,"90000":23464293},"pk":{"120000":280550525,"150000":318350525,"180000":356150525,"210000":494613821,"240000":532413821,"270000":570213821,"30000":91653053,"300000":608013821,"60000":154618877,"90000":19241887
7},"vk":{"120000":11524428,"150000":14404428,"180000":17284428,"210000":20164428,"240000":23044428,"270000":25924428,"30000":2884428,"300000":28804428,"60000":5764428,"90000":8644428}},"nym-increase-uniform":{"cs"
:{"120000":28798284,"150000":34151725,"180000":39505042,"210000":44858406,"240000":50218322,"270000":55571839,"30000":12727422,"300000":60925167,"60000":18085970,"90000":23439747},"pk":{"120000":280550525,"150000"
:318350525,"180000":356150525,"210000":494613821,"240000":532413821,"270000":570213821,"30000":91653053,"300000":608013821,"60000":154618877,"90000":192418877},"vk":{"120000":11524428,"150000":14404428,"180000":17
284428,"210000":20164428,"240000":23044428,"270000":25924428,"30000":2884428,"300000":28804428,"60000":5764428,"90000":8644428}},"period-increase-gaussian":{"cs":{"180":48015755,"270":69185990,"360":90325638,"450"
:111490193,"540":132626833,"630":153788734,"720":174922690,"810":196082996,"90":26849688,"900":218261064},"pk":{"180":297836825,"270":376248605,"360":454660385,"450":633735461,"540":712147241,"630":790559021,"720"
:868970801,"810":947382581,"90":169093397,"900":1227120953},"vk":{"180":2898828,"270":2907468,"360":2916108,"450":2924748,"540":2933388,"630":2942028,"720":2950668,"810":2959308,"90":2890188,"900":2967948}},"perio
d-increase-proportional":{"cs":{"180":48023845,"270":69202125,"360":90343979,"450":111507286,"540":132640890,"630":153797633,"720":174921602,"810":196071636,"90":26854439,"900":218324885},"pk":{"180":297836825,"27
0":376248605,"360":454660385,"450":633735461,"540":712147241,"630":790559021,"720":868970801,"810":947382581,"90":169093397,"900":1227120953},"vk":{"180":2898828,"270":2907468,"360":2916108,"450":2924748,"540":293
3388,"630":2942028,"720":2950668,"810":2959308,"90":2890188,"900":2967948}},"period-increase-uniform":{"cs":{"180":48023323,"270":69207936,"360":90371864,"450":111465737,"540":132607581,"630":153781688,"720":17492
4992,"810":196095541,"90":26851622,"900":218422332},"pk":{"180":297836825,"270":376248605,"360":454660385,"450":633735461,"540":712147241,"630":790559021,"720":868970801,"810":947382581,"90":169093397,"900":122712
0953},"vk":{"180":2898828,"270":2907468,"360":2916108,"450":2924748,"540":2933388,"630":2942028,"720":2950668,"810":2959308,"90":2890188,"900":2967948}},"sess-increase-proportional":{"cs":{"10":23802068,"20":45921
508,"30":68022944,"40":90142312,"50":112896542,"60":137995010,"70":163235444,"80":188558303},"pk":{"10":172056077,"20":332862125,"30":543999821,"40":654474221,"50":966275213,"60":1076749613,"70":1187224013,"80":12
97698413},"vk":{"10":2884428,"20":2884428,"30":2884428,"40":2884428,"50":2884428,"60":2884428,"70":2884428,"80":2884428}},"sess-increase-uniform":{"cs":{"10":23789336,"100":243784560,"20":45912732,"30":68013244,"4
0":90136712,"50":113131068,"60":139248096,"70":165387868,"80":191527560,"90":217644684},"pk":{"10":172056077,"100":1921300397,"20":332862125,"30":543999821,"40":654474221,"50":966275213,"60":1076749613,"70":118722
4013,"80":1297698413,"90":1408172813},"vk":{"10":2884428,"100":2884428,"20":2884428,"30":2884428,"40":2884428,"50":2884428,"60":2884428,"70":2884428,"80":2884428,"90":2884428}}}
search key at ./update_verifier-sess-increase-proportional--90.meta.json
compile skip
{"env":{"default":{"alpha":1,"baseNymNum":30000,"basePeriodNum":30,"beta":3}},"nym-increase-gaussian":{"cs":{"120000":28852754,"150000":34235104,"180000":39629781,"210000":45018242,"240000":50407252,"270000":55796
471,"30000":12750843,"300000":61186629,"60000":18115323,"90000":23478537},"pk":{"120000":280550525,"150000":318350525,"180000":356150525,"210000":494613821,"240000":532413821,"270000":570213821,"30000":91653053,"3
00000":608013821,"60000":154618877,"90000":192418877},"vk":{"120000":11524428,"150000":14404428,"180000":17284428,"210000":20164428,"240000":23044428,"270000":25924428,"30000":2884428,"300000":28804428,"60000":576
4428,"90000":8644428}},"nym-increase-proportional":{"cs":{"120000":28824802,"150000":34187261,"180000":39552525,"210000":44926029,"240000":50302888,"270000":55687278,"30000":12742254,"300000":61074760,"60000":1810
1052,"90000":23464293},"pk":{"120000":280550525,"150000":318350525,"180000":356150525,"210000":494613821,"240000":532413821,"270000":570213821,"30000":91653053,"300000":608013821,"60000":154618877,"90000":19241887
7},"vk":{"120000":11524428,"150000":14404428,"180000":17284428,"210000":20164428,"240000":23044428,"270000":25924428,"30000":2884428,"300000":28804428,"60000":5764428,"90000":8644428}},"nym-increase-uniform":{"cs"
:{"120000":28798284,"150000":34151725,"180000":39505042,"210000":44858406,"240000":50218322,"270000":55571839,"30000":12727422,"300000":60925167,"60000":18085970,"90000":23439747},"pk":{"120000":280550525,"150000"
:318350525,"180000":356150525,"210000":494613821,"240000":532413821,"270000":570213821,"30000":91653053,"300000":608013821,"60000":154618877,"90000":192418877},"vk":{"120000":11524428,"150000":14404428,"180000":17
284428,"210000":20164428,"240000":23044428,"270000":25924428,"30000":2884428,"300000":28804428,"60000":5764428,"90000":8644428}},"period-increase-gaussian":{"cs":{"180":48015755,"270":69185990,"360":90325638,"450"
:111490193,"540":132626833,"630":153788734,"720":174922690,"810":196082996,"90":26849688,"900":218261064},"pk":{"180":297836825,"270":376248605,"360":454660385,"450":633735461,"540":712147241,"630":790559021,"720"
:868970801,"810":947382581,"90":169093397,"900":1227120953},"vk":{"180":2898828,"270":2907468,"360":2916108,"450":2924748,"540":2933388,"630":2942028,"720":2950668,"810":2959308,"90":2890188,"900":2967948}},"perio
d-increase-proportional":{"cs":{"180":48023845,"270":69202125,"360":90343979,"450":111507286,"540":132640890,"630":153797633,"720":174921602,"810":196071636,"90":26854439,"900":218324885},"pk":{"180":297836825,"27
0":376248605,"360":454660385,"450":633735461,"540":712147241,"630":790559021,"720":868970801,"810":947382581,"90":169093397,"900":1227120953},"vk":{"180":2898828,"270":2907468,"360":2916108,"450":2924748,"540":293
3388,"630":2942028,"720":2950668,"810":2959308,"90":2890188,"900":2967948}},"period-increase-uniform":{"cs":{"180":48023323,"270":69207936,"360":90371864,"450":111465737,"540":132607581,"630":153781688,"720":17492
4992,"810":196095541,"90":26851622,"900":218422332},"pk":{"180":297836825,"270":376248605,"360":454660385,"450":633735461,"540":712147241,"630":790559021,"720":868970801,"810":947382581,"90":169093397,"900":122712
0953},"vk":{"180":2898828,"270":2907468,"360":2916108,"450":2924748,"540":2933388,"630":2942028,"720":2950668,"810":2959308,"90":2890188,"900":2967948}},"sess-increase-proportional":{"cs":{"10":23802068,"20":45921
508,"30":68022944,"40":90142312,"50":112896542,"60":137995010,"70":163235444,"80":188558303,"90":213943352},"pk":{"10":172056077,"20":332862125,"30":543999821,"40":654474221,"50":966275213,"60":1076749613,"70":118
7224013,"80":1297698413,"90":1408172813},"vk":{"10":2884428,"20":2884428,"30":2884428,"40":2884428,"50":2884428,"60":2884428,"70":2884428,"80":2884428,"90":2884428}},"sess-increase-uniform":{"cs":{"10":23789336,"1
00":243784560,"20":45912732,"30":68013244,"40":90136712,"50":113131068,"60":139248096,"70":165387868,"80":191527560,"90":217644684},"pk":{"10":172056077,"100":1921300397,"20":332862125,"30":543999821,"40":65447422
1,"50":966275213,"60":1076749613,"70":1187224013,"80":1297698413,"90":1408172813},"vk":{"10":2884428,"100":2884428,"20":2884428,"30":2884428,"40":2884428,"50":2884428,"60":2884428,"70":2884428,"80":2884428,"90":28
84428}}}
search key at ./update_verifier-sess-increase-proportional--100.meta.json
compile skip
{"env":{"default":{"alpha":1,"baseNymNum":30000,"basePeriodNum":30,"beta":3}},"nym-increase-gaussian":{"cs":{"120000":28852754,"150000":34235104,"180000":39629781,"210000":45018242,"240000":50407252,"270000":55796
471,"30000":12750843,"300000":61186629,"60000":18115323,"90000":23478537},"pk":{"120000":280550525,"150000":318350525,"180000":356150525,"210000":494613821,"240000":532413821,"270000":570213821,"30000":91653053,"3
00000":608013821,"60000":154618877,"90000":192418877},"vk":{"120000":11524428,"150000":14404428,"180000":17284428,"210000":20164428,"240000":23044428,"270000":25924428,"30000":2884428,"300000":28804428,"60000":576
4428,"90000":8644428}},"nym-increase-proportional":{"cs":{"120000":28824802,"150000":34187261,"180000":39552525,"210000":44926029,"240000":50302888,"270000":55687278,"30000":12742254,"300000":61074760,"60000":1810
1052,"90000":23464293},"pk":{"120000":280550525,"150000":318350525,"180000":356150525,"210000":494613821,"240000":532413821,"270000":570213821,"30000":91653053,"300000":608013821,"60000":154618877,"90000":19241887
7},"vk":{"120000":11524428,"150000":14404428,"180000":17284428,"210000":20164428,"240000":23044428,"270000":25924428,"30000":2884428,"300000":28804428,"60000":5764428,"90000":8644428}},"nym-increase-uniform":{"cs"
:{"120000":28798284,"150000":34151725,"180000":39505042,"210000":44858406,"240000":50218322,"270000":55571839,"30000":12727422,"300000":60925167,"60000":18085970,"90000":23439747},"pk":{"120000":280550525,"150000"
:318350525,"180000":356150525,"210000":494613821,"240000":532413821,"270000":570213821,"30000":91653053,"300000":608013821,"60000":154618877,"90000":192418877},"vk":{"120000":11524428,"150000":14404428,"180000":17
284428,"210000":20164428,"240000":23044428,"270000":25924428,"30000":2884428,"300000":28804428,"60000":5764428,"90000":8644428}},"period-increase-gaussian":{"cs":{"180":48015755,"270":69185990,"360":90325638,"450"
:111490193,"540":132626833,"630":153788734,"720":174922690,"810":196082996,"90":26849688,"900":218261064},"pk":{"180":297836825,"270":376248605,"360":454660385,"450":633735461,"540":712147241,"630":790559021,"720"
:868970801,"810":947382581,"90":169093397,"900":1227120953},"vk":{"180":2898828,"270":2907468,"360":2916108,"450":2924748,"540":2933388,"630":2942028,"720":2950668,"810":2959308,"90":2890188,"900":2967948}},"perio
d-increase-proportional":{"cs":{"180":48023845,"270":69202125,"360":90343979,"450":111507286,"540":132640890,"630":153797633,"720":174921602,"810":196071636,"90":26854439,"900":218324885},"pk":{"180":297836825,"27
0":376248605,"360":454660385,"450":633735461,"540":712147241,"630":790559021,"720":868970801,"810":947382581,"90":169093397,"900":1227120953},"vk":{"180":2898828,"270":2907468,"360":2916108,"450":2924748,"540":293
3388,"630":2942028,"720":2950668,"810":2959308,"90":2890188,"900":2967948}},"period-increase-uniform":{"cs":{"180":48023323,"270":69207936,"360":90371864,"450":111465737,"540":132607581,"630":153781688,"720":17492
4992,"810":196095541,"90":26851622,"900":218422332},"pk":{"180":297836825,"270":376248605,"360":454660385,"450":633735461,"540":712147241,"630":790559021,"720":868970801,"810":947382581,"90":169093397,"900":122712
0953},"vk":{"180":2898828,"270":2907468,"360":2916108,"450":2924748,"540":2933388,"630":2942028,"720":2950668,"810":2959308,"90":2890188,"900":2967948}},"sess-increase-proportional":{"cs":{"10":23802068,"100":2393
97982,"20":45921508,"30":68022944,"40":90142312,"50":112896542,"60":137995010,"70":163235444,"80":188558303,"90":213943352},"pk":{"10":172056077,"100":1921300397,"20":332862125,"30":543999821,"40":654474221,"50":9
66275213,"60":1076749613,"70":1187224013,"80":1297698413,"90":1408172813},"vk":{"10":2884428,"100":2884428,"20":2884428,"30":2884428,"40":2884428,"50":2884428,"60":2884428,"70":2884428,"80":2884428,"90":2884428}},
"sess-increase-uniform":{"cs":{"10":23789336,"100":243784560,"20":45912732,"30":68013244,"40":90136712,"50":113131068,"60":139248096,"70":165387868,"80":191527560,"90":217644684},"pk":{"10":172056077,"100":1921300
397,"20":332862125,"30":543999821,"40":654474221,"50":966275213,"60":1076749613,"70":1187224013,"80":1297698413,"90":1408172813},"vk":{"10":2884428,"100":2884428,"20":2884428,"30":2884428,"40":2884428,"50":2884428
,"60":2884428,"70":2884428,"80":2884428,"90":2884428}}}
search key at ./update_verifier-sess-increase-gaussian--10.meta.json
compile skip
{"env":{"default":{"alpha":1,"baseNymNum":30000,"basePeriodNum":30,"beta":3}},"nym-increase-gaussian":{"cs":{"120000":28852754,"150000":34235104,"180000":39629781,"210000":45018242,"240000":50407252,"270000":55796
471,"30000":12750843,"300000":61186629,"60000":18115323,"90000":23478537},"pk":{"120000":280550525,"150000":318350525,"180000":356150525,"210000":494613821,"240000":532413821,"270000":570213821,"30000":91653053,"3
00000":608013821,"60000":154618877,"90000":192418877},"vk":{"120000":11524428,"150000":14404428,"180000":17284428,"210000":20164428,"240000":23044428,"270000":25924428,"30000":2884428,"300000":28804428,"60000":576
4428,"90000":8644428}},"nym-increase-proportional":{"cs":{"120000":28824802,"150000":34187261,"180000":39552525,"210000":44926029,"240000":50302888,"270000":55687278,"30000":12742254,"300000":61074760,"60000":1810
1052,"90000":23464293},"pk":{"120000":280550525,"150000":318350525,"180000":356150525,"210000":494613821,"240000":532413821,"270000":570213821,"30000":91653053,"300000":608013821,"60000":154618877,"90000":19241887
7},"vk":{"120000":11524428,"150000":14404428,"180000":17284428,"210000":20164428,"240000":23044428,"270000":25924428,"30000":2884428,"300000":28804428,"60000":5764428,"90000":8644428}},"nym-increase-uniform":{"cs"
:{"120000":28798284,"150000":34151725,"180000":39505042,"210000":44858406,"240000":50218322,"270000":55571839,"30000":12727422,"300000":60925167,"60000":18085970,"90000":23439747},"pk":{"120000":280550525,"150000"
:318350525,"180000":356150525,"210000":494613821,"240000":532413821,"270000":570213821,"30000":91653053,"300000":608013821,"60000":154618877,"90000":192418877},"vk":{"120000":11524428,"150000":14404428,"180000":17
284428,"210000":20164428,"240000":23044428,"270000":25924428,"30000":2884428,"300000":28804428,"60000":5764428,"90000":8644428}},"period-increase-gaussian":{"cs":{"180":48015755,"270":69185990,"360":90325638,"450"
:111490193,"540":132626833,"630":153788734,"720":174922690,"810":196082996,"90":26849688,"900":218261064},"pk":{"180":297836825,"270":376248605,"360":454660385,"450":633735461,"540":712147241,"630":790559021,"720"
:868970801,"810":947382581,"90":169093397,"900":1227120953},"vk":{"180":2898828,"270":2907468,"360":2916108,"450":2924748,"540":2933388,"630":2942028,"720":2950668,"810":2959308,"90":2890188,"900":2967948}},"perio
d-increase-proportional":{"cs":{"180":48023845,"270":69202125,"360":90343979,"450":111507286,"540":132640890,"630":153797633,"720":174921602,"810":196071636,"90":26854439,"900":218324885},"pk":{"180":297836825,"27
0":376248605,"360":454660385,"450":633735461,"540":712147241,"630":790559021,"720":868970801,"810":947382581,"90":169093397,"900":1227120953},"vk":{"180":2898828,"270":2907468,"360":2916108,"450":2924748,"540":293
3388,"630":2942028,"720":2950668,"810":2959308,"90":2890188,"900":2967948}},"period-increase-uniform":{"cs":{"180":48023323,"270":69207936,"360":90371864,"450":111465737,"540":132607581,"630":153781688,"720":17492
4992,"810":196095541,"90":26851622,"900":218422332},"pk":{"180":297836825,"270":376248605,"360":454660385,"450":633735461,"540":712147241,"630":790559021,"720":868970801,"810":947382581,"90":169093397,"900":122712
0953},"vk":{"180":2898828,"270":2907468,"360":2916108,"450":2924748,"540":2933388,"630":2942028,"720":2950668,"810":2959308,"90":2890188,"900":2967948}},"sess-increase-gaussian":{"cs":{"10":23804853},"pk":{"10":17
2056077},"vk":{"10":2884428}},"sess-increase-proportional":{"cs":{"10":23802068,"100":239397982,"20":45921508,"30":68022944,"40":90142312,"50":112896542,"60":137995010,"70":163235444,"80":188558303,"90":213943352}
,"pk":{"10":172056077,"100":1921300397,"20":332862125,"30":543999821,"40":654474221,"50":966275213,"60":1076749613,"70":1187224013,"80":1297698413,"90":1408172813},"vk":{"10":2884428,"100":2884428,"20":2884428,"30
":2884428,"40":2884428,"50":2884428,"60":2884428,"70":2884428,"80":2884428,"90":2884428}},"sess-increase-uniform":{"cs":{"10":23789336,"100":243784560,"20":45912732,"30":68013244,"40":90136712,"50":113131068,"60":
139248096,"70":165387868,"80":191527560,"90":217644684},"pk":{"10":172056077,"100":1921300397,"20":332862125,"30":543999821,"40":654474221,"50":966275213,"60":1076749613,"70":1187224013,"80":1297698413,"90":140817
2813},"vk":{"10":2884428,"100":2884428,"20":2884428,"30":2884428,"40":2884428,"50":2884428,"60":2884428,"70":2884428,"80":2884428,"90":2884428}}}
search key at ./update_verifier-sess-increase-gaussian--20.meta.json
compile skip
{"env":{"default":{"alpha":1,"baseNymNum":30000,"basePeriodNum":30,"beta":3}},"nym-increase-gaussian":{"cs":{"120000":28852754,"150000":34235104,"180000":39629781,"210000":45018242,"240000":50407252,"270000":55796
471,"30000":12750843,"300000":61186629,"60000":18115323,"90000":23478537},"pk":{"120000":280550525,"150000":318350525,"180000":356150525,"210000":494613821,"240000":532413821,"270000":570213821,"30000":91653053,"3
00000":608013821,"60000":154618877,"90000":192418877},"vk":{"120000":11524428,"150000":14404428,"180000":17284428,"210000":20164428,"240000":23044428,"270000":25924428,"30000":2884428,"300000":28804428,"60000":576
4428,"90000":8644428}},"nym-increase-proportional":{"cs":{"120000":28824802,"150000":34187261,"180000":39552525,"210000":44926029,"240000":50302888,"270000":55687278,"30000":12742254,"300000":61074760,"60000":1810
1052,"90000":23464293},"pk":{"120000":280550525,"150000":318350525,"180000":356150525,"210000":494613821,"240000":532413821,"270000":570213821,"30000":91653053,"300000":608013821,"60000":154618877,"90000":19241887
7},"vk":{"120000":11524428,"150000":14404428,"180000":17284428,"210000":20164428,"240000":23044428,"270000":25924428,"30000":2884428,"300000":28804428,"60000":5764428,"90000":8644428}},"nym-increase-uniform":{"cs"
:{"120000":28798284,"150000":34151725,"180000":39505042,"210000":44858406,"240000":50218322,"270000":55571839,"30000":12727422,"300000":60925167,"60000":18085970,"90000":23439747},"pk":{"120000":280550525,"150000"
:318350525,"180000":356150525,"210000":494613821,"240000":532413821,"270000":570213821,"30000":91653053,"300000":608013821,"60000":154618877,"90000":192418877},"vk":{"120000":11524428,"150000":14404428,"180000":17
284428,"210000":20164428,"240000":23044428,"270000":25924428,"30000":2884428,"300000":28804428,"60000":5764428,"90000":8644428}},"period-increase-gaussian":{"cs":{"180":48015755,"270":69185990,"360":90325638,"450"
:111490193,"540":132626833,"630":153788734,"720":174922690,"810":196082996,"90":26849688,"900":218261064},"pk":{"180":297836825,"270":376248605,"360":454660385,"450":633735461,"540":712147241,"630":790559021,"720"
:868970801,"810":947382581,"90":169093397,"900":1227120953},"vk":{"180":2898828,"270":2907468,"360":2916108,"450":2924748,"540":2933388,"630":2942028,"720":2950668,"810":2959308,"90":2890188,"900":2967948}},"perio
d-increase-proportional":{"cs":{"180":48023845,"270":69202125,"360":90343979,"450":111507286,"540":132640890,"630":153797633,"720":174921602,"810":196071636,"90":26854439,"900":218324885},"pk":{"180":297836825,"27
0":376248605,"360":454660385,"450":633735461,"540":712147241,"630":790559021,"720":868970801,"810":947382581,"90":169093397,"900":1227120953},"vk":{"180":2898828,"270":2907468,"360":2916108,"450":2924748,"540":293
3388,"630":2942028,"720":2950668,"810":2959308,"90":2890188,"900":2967948}},"period-increase-uniform":{"cs":{"180":48023323,"270":69207936,"360":90371864,"450":111465737,"540":132607581,"630":153781688,"720":17492
4992,"810":196095541,"90":26851622,"900":218422332},"pk":{"180":297836825,"270":376248605,"360":454660385,"450":633735461,"540":712147241,"630":790559021,"720":868970801,"810":947382581,"90":169093397,"900":122712
0953},"vk":{"180":2898828,"270":2907468,"360":2916108,"450":2924748,"540":2933388,"630":2942028,"720":2950668,"810":2959308,"90":2890188,"900":2967948}},"sess-increase-gaussian":{"cs":{"10":23804853,"20":45913537}
,"pk":{"10":172056077,"20":332862125},"vk":{"10":2884428,"20":2884428}},"sess-increase-proportional":{"cs":{"10":23802068,"100":239397982,"20":45921508,"30":68022944,"40":90142312,"50":112896542,"60":137995010,"70
":163235444,"80":188558303,"90":213943352},"pk":{"10":172056077,"100":1921300397,"20":332862125,"30":543999821,"40":654474221,"50":966275213,"60":1076749613,"70":1187224013,"80":1297698413,"90":1408172813},"vk":{"
10":2884428,"100":2884428,"20":2884428,"30":2884428,"40":2884428,"50":2884428,"60":2884428,"70":2884428,"80":2884428,"90":2884428}},"sess-increase-uniform":{"cs":{"10":23789336,"100":243784560,"20":45912732,"30":6
8013244,"40":90136712,"50":113131068,"60":139248096,"70":165387868,"80":191527560,"90":217644684},"pk":{"10":172056077,"100":1921300397,"20":332862125,"30":543999821,"40":654474221,"50":966275213,"60":1076749613,"
70":1187224013,"80":1297698413,"90":1408172813},"vk":{"10":2884428,"100":2884428,"20":2884428,"30":2884428,"40":2884428,"50":2884428,"60":2884428,"70":2884428,"80":2884428,"90":2884428}}}
search key at ./update_verifier-sess-increase-gaussian--30.meta.json
compile skip
{"env":{"default":{"alpha":1,"baseNymNum":30000,"basePeriodNum":30,"beta":3}},"nym-increase-gaussian":{"cs":{"120000":28852754,"150000":34235104,"180000":39629781,"210000":45018242,"240000":50407252,"270000":55796
471,"30000":12750843,"300000":61186629,"60000":18115323,"90000":23478537},"pk":{"120000":280550525,"150000":318350525,"180000":356150525,"210000":494613821,"240000":532413821,"270000":570213821,"30000":91653053,"3
00000":608013821,"60000":154618877,"90000":192418877},"vk":{"120000":11524428,"150000":14404428,"180000":17284428,"210000":20164428,"240000":23044428,"270000":25924428,"30000":2884428,"300000":28804428,"60000":576
4428,"90000":8644428}},"nym-increase-proportional":{"cs":{"120000":28824802,"150000":34187261,"180000":39552525,"210000":44926029,"240000":50302888,"270000":55687278,"30000":12742254,"300000":61074760,"60000":1810
1052,"90000":23464293},"pk":{"120000":280550525,"150000":318350525,"180000":356150525,"210000":494613821,"240000":532413821,"270000":570213821,"30000":91653053,"300000":608013821,"60000":154618877,"90000":19241887
7},"vk":{"120000":11524428,"150000":14404428,"180000":17284428,"210000":20164428,"240000":23044428,"270000":25924428,"30000":2884428,"300000":28804428,"60000":5764428,"90000":8644428}},"nym-increase-uniform":{"cs"
:{"120000":28798284,"150000":34151725,"180000":39505042,"210000":44858406,"240000":50218322,"270000":55571839,"30000":12727422,"300000":60925167,"60000":18085970,"90000":23439747},"pk":{"120000":280550525,"150000"
:318350525,"180000":356150525,"210000":494613821,"240000":532413821,"270000":570213821,"30000":91653053,"300000":608013821,"60000":154618877,"90000":192418877},"vk":{"120000":11524428,"150000":14404428,"180000":17
284428,"210000":20164428,"240000":23044428,"270000":25924428,"30000":2884428,"300000":28804428,"60000":5764428,"90000":8644428}},"period-increase-gaussian":{"cs":{"180":48015755,"270":69185990,"360":90325638,"450"
:111490193,"540":132626833,"630":153788734,"720":174922690,"810":196082996,"90":26849688,"900":218261064},"pk":{"180":297836825,"270":376248605,"360":454660385,"450":633735461,"540":712147241,"630":790559021,"720"
:868970801,"810":947382581,"90":169093397,"900":1227120953},"vk":{"180":2898828,"270":2907468,"360":2916108,"450":2924748,"540":2933388,"630":2942028,"720":2950668,"810":2959308,"90":2890188,"900":2967948}},"perio
d-increase-proportional":{"cs":{"180":48023845,"270":69202125,"360":90343979,"450":111507286,"540":132640890,"630":153797633,"720":174921602,"810":196071636,"90":26854439,"900":218324885},"pk":{"180":297836825,"27
0":376248605,"360":454660385,"450":633735461,"540":712147241,"630":790559021,"720":868970801,"810":947382581,"90":169093397,"900":1227120953},"vk":{"180":2898828,"270":2907468,"360":2916108,"450":2924748,"540":293
3388,"630":2942028,"720":2950668,"810":2959308,"90":2890188,"900":2967948}},"period-increase-uniform":{"cs":{"180":48023323,"270":69207936,"360":90371864,"450":111465737,"540":132607581,"630":153781688,"720":17492
4992,"810":196095541,"90":26851622,"900":218422332},"pk":{"180":297836825,"270":376248605,"360":454660385,"450":633735461,"540":712147241,"630":790559021,"720":868970801,"810":947382581,"90":169093397,"900":122712
0953},"vk":{"180":2898828,"270":2907468,"360":2916108,"450":2924748,"540":2933388,"630":2942028,"720":2950668,"810":2959308,"90":2890188,"900":2967948}},"sess-increase-gaussian":{"cs":{"10":23804853,"20":45913537,
"30":68005961},"pk":{"10":172056077,"20":332862125,"30":543999821},"vk":{"10":2884428,"20":2884428,"30":2884428}},"sess-increase-proportional":{"cs":{"10":23802068,"100":239397982,"20":45921508,"30":68022944,"40":
90142312,"50":112896542,"60":137995010,"70":163235444,"80":188558303,"90":213943352},"pk":{"10":172056077,"100":1921300397,"20":332862125,"30":543999821,"40":654474221,"50":966275213,"60":1076749613,"70":118722401
3,"80":1297698413,"90":1408172813},"vk":{"10":2884428,"100":2884428,"20":2884428,"30":2884428,"40":2884428,"50":2884428,"60":2884428,"70":2884428,"80":2884428,"90":2884428}},"sess-increase-uniform":{"cs":{"10":237
89336,"100":243784560,"20":45912732,"30":68013244,"40":90136712,"50":113131068,"60":139248096,"70":165387868,"80":191527560,"90":217644684},"pk":{"10":172056077,"100":1921300397,"20":332862125,"30":543999821,"40":
654474221,"50":966275213,"60":1076749613,"70":1187224013,"80":1297698413,"90":1408172813},"vk":{"10":2884428,"100":2884428,"20":2884428,"30":2884428,"40":2884428,"50":2884428,"60":2884428,"70":2884428,"80":2884428
,"90":2884428}}}
search key at ./update_verifier-sess-increase-gaussian--40.meta.json
compile skip
{"env":{"default":{"alpha":1,"baseNymNum":30000,"basePeriodNum":30,"beta":3}},"nym-increase-gaussian":{"cs":{"120000":28852754,"150000":34235104,"180000":39629781,"210000":45018242,"240000":50407252,"270000":55796
471,"30000":12750843,"300000":61186629,"60000":18115323,"90000":23478537},"pk":{"120000":280550525,"150000":318350525,"180000":356150525,"210000":494613821,"240000":532413821,"270000":570213821,"30000":91653053,"3
00000":608013821,"60000":154618877,"90000":192418877},"vk":{"120000":11524428,"150000":14404428,"180000":17284428,"210000":20164428,"240000":23044428,"270000":25924428,"30000":2884428,"300000":28804428,"60000":576
4428,"90000":8644428}},"nym-increase-proportional":{"cs":{"120000":28824802,"150000":34187261,"180000":39552525,"210000":44926029,"240000":50302888,"270000":55687278,"30000":12742254,"300000":61074760,"60000":1810
1052,"90000":23464293},"pk":{"120000":280550525,"150000":318350525,"180000":356150525,"210000":494613821,"240000":532413821,"270000":570213821,"30000":91653053,"300000":608013821,"60000":154618877,"90000":19241887
7},"vk":{"120000":11524428,"150000":14404428,"180000":17284428,"210000":20164428,"240000":23044428,"270000":25924428,"30000":2884428,"300000":28804428,"60000":5764428,"90000":8644428}},"nym-increase-uniform":{"cs"
:{"120000":28798284,"150000":34151725,"180000":39505042,"210000":44858406,"240000":50218322,"270000":55571839,"30000":12727422,"300000":60925167,"60000":18085970,"90000":23439747},"pk":{"120000":280550525,"150000"
:318350525,"180000":356150525,"210000":494613821,"240000":532413821,"270000":570213821,"30000":91653053,"300000":608013821,"60000":154618877,"90000":192418877},"vk":{"120000":11524428,"150000":14404428,"180000":17
284428,"210000":20164428,"240000":23044428,"270000":25924428,"30000":2884428,"300000":28804428,"60000":5764428,"90000":8644428}},"period-increase-gaussian":{"cs":{"180":48015755,"270":69185990,"360":90325638,"450"
:111490193,"540":132626833,"630":153788734,"720":174922690,"810":196082996,"90":26849688,"900":218261064},"pk":{"180":297836825,"270":376248605,"360":454660385,"450":633735461,"540":712147241,"630":790559021,"720"
:868970801,"810":947382581,"90":169093397,"900":1227120953},"vk":{"180":2898828,"270":2907468,"360":2916108,"450":2924748,"540":2933388,"630":2942028,"720":2950668,"810":2959308,"90":2890188,"900":2967948}},"perio
d-increase-proportional":{"cs":{"180":48023845,"270":69202125,"360":90343979,"450":111507286,"540":132640890,"630":153797633,"720":174921602,"810":196071636,"90":26854439,"900":218324885},"pk":{"180":297836825,"27
0":376248605,"360":454660385,"450":633735461,"540":712147241,"630":790559021,"720":868970801,"810":947382581,"90":169093397,"900":1227120953},"vk":{"180":2898828,"270":2907468,"360":2916108,"450":2924748,"540":293
3388,"630":2942028,"720":2950668,"810":2959308,"90":2890188,"900":2967948}},"period-increase-uniform":{"cs":{"180":48023323,"270":69207936,"360":90371864,"450":111465737,"540":132607581,"630":153781688,"720":17492
4992,"810":196095541,"90":26851622,"900":218422332},"pk":{"180":297836825,"270":376248605,"360":454660385,"450":633735461,"540":712147241,"630":790559021,"720":868970801,"810":947382581,"90":169093397,"900":122712
0953},"vk":{"180":2898828,"270":2907468,"360":2916108,"450":2924748,"540":2933388,"630":2942028,"720":2950668,"810":2959308,"90":2890188,"900":2967948}},"sess-increase-gaussian":{"cs":{"10":23804853,"20":45913537,
"30":68005961,"40":90115601},"pk":{"10":172056077,"20":332862125,"30":543999821,"40":654474221},"vk":{"10":2884428,"20":2884428,"30":2884428,"40":2884428}},"sess-increase-proportional":{"cs":{"10":23802068,"100":2
39397982,"20":45921508,"30":68022944,"40":90142312,"50":112896542,"60":137995010,"70":163235444,"80":188558303,"90":213943352},"pk":{"10":172056077,"100":1921300397,"20":332862125,"30":543999821,"40":654474221,"50
":966275213,"60":1076749613,"70":1187224013,"80":1297698413,"90":1408172813},"vk":{"10":2884428,"100":2884428,"20":2884428,"30":2884428,"40":2884428,"50":2884428,"60":2884428,"70":2884428,"80":2884428,"90":2884428
}},"sess-increase-uniform":{"cs":{"10":23789336,"100":243784560,"20":45912732,"30":68013244,"40":90136712,"50":113131068,"60":139248096,"70":165387868,"80":191527560,"90":217644684},"pk":{"10":172056077,"100":1921
300397,"20":332862125,"30":543999821,"40":654474221,"50":966275213,"60":1076749613,"70":1187224013,"80":1297698413,"90":1408172813},"vk":{"10":2884428,"100":2884428,"20":2884428,"30":2884428,"40":2884428,"50":2884
428,"60":2884428,"70":2884428,"80":2884428,"90":2884428}}}
search key at ./update_verifier-sess-increase-gaussian--50.meta.json
compile skip
{"env":{"default":{"alpha":1,"baseNymNum":30000,"basePeriodNum":30,"beta":3}},"nym-increase-gaussian":{"cs":{"120000":28852754,"150000":34235104,"180000":39629781,"210000":45018242,"240000":50407252,"270000":55796
471,"30000":12750843,"300000":61186629,"60000":18115323,"90000":23478537},"pk":{"120000":280550525,"150000":318350525,"180000":356150525,"210000":494613821,"240000":532413821,"270000":570213821,"30000":91653053,"3
00000":608013821,"60000":154618877,"90000":192418877},"vk":{"120000":11524428,"150000":14404428,"180000":17284428,"210000":20164428,"240000":23044428,"270000":25924428,"30000":2884428,"300000":28804428,"60000":576
4428,"90000":8644428}},"nym-increase-proportional":{"cs":{"120000":28824802,"150000":34187261,"180000":39552525,"210000":44926029,"240000":50302888,"270000":55687278,"30000":12742254,"300000":61074760,"60000":1810
1052,"90000":23464293},"pk":{"120000":280550525,"150000":318350525,"180000":356150525,"210000":494613821,"240000":532413821,"270000":570213821,"30000":91653053,"300000":608013821,"60000":154618877,"90000":19241887
7},"vk":{"120000":11524428,"150000":14404428,"180000":17284428,"210000":20164428,"240000":23044428,"270000":25924428,"30000":2884428,"300000":28804428,"60000":5764428,"90000":8644428}},"nym-increase-uniform":{"cs"
:{"120000":28798284,"150000":34151725,"180000":39505042,"210000":44858406,"240000":50218322,"270000":55571839,"30000":12727422,"300000":60925167,"60000":18085970,"90000":23439747},"pk":{"120000":280550525,"150000"
:318350525,"180000":356150525,"210000":494613821,"240000":532413821,"270000":570213821,"30000":91653053,"300000":608013821,"60000":154618877,"90000":192418877},"vk":{"120000":11524428,"150000":14404428,"180000":17
284428,"210000":20164428,"240000":23044428,"270000":25924428,"30000":2884428,"300000":28804428,"60000":5764428,"90000":8644428}},"period-increase-gaussian":{"cs":{"180":48015755,"270":69185990,"360":90325638,"450"
:111490193,"540":132626833,"630":153788734,"720":174922690,"810":196082996,"90":26849688,"900":218261064},"pk":{"180":297836825,"270":376248605,"360":454660385,"450":633735461,"540":712147241,"630":790559021,"720"
:868970801,"810":947382581,"90":169093397,"900":1227120953},"vk":{"180":2898828,"270":2907468,"360":2916108,"450":2924748,"540":2933388,"630":2942028,"720":2950668,"810":2959308,"90":2890188,"900":2967948}},"perio
d-increase-proportional":{"cs":{"180":48023845,"270":69202125,"360":90343979,"450":111507286,"540":132640890,"630":153797633,"720":174921602,"810":196071636,"90":26854439,"900":218324885},"pk":{"180":297836825,"27
0":376248605,"360":454660385,"450":633735461,"540":712147241,"630":790559021,"720":868970801,"810":947382581,"90":169093397,"900":1227120953},"vk":{"180":2898828,"270":2907468,"360":2916108,"450":2924748,"540":293
3388,"630":2942028,"720":2950668,"810":2959308,"90":2890188,"900":2967948}},"period-increase-uniform":{"cs":{"180":48023323,"270":69207936,"360":90371864,"450":111465737,"540":132607581,"630":153781688,"720":17492
4992,"810":196095541,"90":26851622,"900":218422332},"pk":{"180":297836825,"270":376248605,"360":454660385,"450":633735461,"540":712147241,"630":790559021,"720":868970801,"810":947382581,"90":169093397,"900":122712
0953},"vk":{"180":2898828,"270":2907468,"360":2916108,"450":2924748,"540":2933388,"630":2942028,"720":2950668,"810":2959308,"90":2890188,"900":2967948}},"sess-increase-gaussian":{"cs":{"10":23804853,"20":45913537,
"30":68005961,"40":90115601,"50":112739733},"pk":{"10":172056077,"20":332862125,"30":543999821,"40":654474221,"50":966275213},"vk":{"10":2884428,"20":2884428,"30":2884428,"40":2884428,"50":2884428}},"sess-increase
-proportional":{"cs":{"10":23802068,"100":239397982,"20":45921508,"30":68022944,"40":90142312,"50":112896542,"60":137995010,"70":163235444,"80":188558303,"90":213943352},"pk":{"10":172056077,"100":1921300397,"20":
332862125,"30":543999821,"40":654474221,"50":966275213,"60":1076749613,"70":1187224013,"80":1297698413,"90":1408172813},"vk":{"10":2884428,"100":2884428,"20":2884428,"30":2884428,"40":2884428,"50":2884428,"60":288
4428,"70":2884428,"80":2884428,"90":2884428}},"sess-increase-uniform":{"cs":{"10":23789336,"100":243784560,"20":45912732,"30":68013244,"40":90136712,"50":113131068,"60":139248096,"70":165387868,"80":191527560,"90"
:217644684},"pk":{"10":172056077,"100":1921300397,"20":332862125,"30":543999821,"40":654474221,"50":966275213,"60":1076749613,"70":1187224013,"80":1297698413,"90":1408172813},"vk":{"10":2884428,"100":2884428,"20":
2884428,"30":2884428,"40":2884428,"50":2884428,"60":2884428,"70":2884428,"80":2884428,"90":2884428}}}
search key at ./update_verifier-sess-increase-gaussian--60.meta.json
compile skip
{"env":{"default":{"alpha":1,"baseNymNum":30000,"basePeriodNum":30,"beta":3}},"nym-increase-gaussian":{"cs":{"120000":28852754,"150000":34235104,"180000":39629781,"210000":45018242,"240000":50407252,"270000":55796
471,"30000":12750843,"300000":61186629,"60000":18115323,"90000":23478537},"pk":{"120000":280550525,"150000":318350525,"180000":356150525,"210000":494613821,"240000":532413821,"270000":570213821,"30000":91653053,"3
00000":608013821,"60000":154618877,"90000":192418877},"vk":{"120000":11524428,"150000":14404428,"180000":17284428,"210000":20164428,"240000":23044428,"270000":25924428,"30000":2884428,"300000":28804428,"60000":576
4428,"90000":8644428}},"nym-increase-proportional":{"cs":{"120000":28824802,"150000":34187261,"180000":39552525,"210000":44926029,"240000":50302888,"270000":55687278,"30000":12742254,"300000":61074760,"60000":1810
1052,"90000":23464293},"pk":{"120000":280550525,"150000":318350525,"180000":356150525,"210000":494613821,"240000":532413821,"270000":570213821,"30000":91653053,"300000":608013821,"60000":154618877,"90000":19241887
7},"vk":{"120000":11524428,"150000":14404428,"180000":17284428,"210000":20164428,"240000":23044428,"270000":25924428,"30000":2884428,"300000":28804428,"60000":5764428,"90000":8644428}},"nym-increase-uniform":{"cs"
:{"120000":28798284,"150000":34151725,"180000":39505042,"210000":44858406,"240000":50218322,"270000":55571839,"30000":12727422,"300000":60925167,"60000":18085970,"90000":23439747},"pk":{"120000":280550525,"150000"
:318350525,"180000":356150525,"210000":494613821,"240000":532413821,"270000":570213821,"30000":91653053,"300000":608013821,"60000":154618877,"90000":192418877},"vk":{"120000":11524428,"150000":14404428,"180000":17
284428,"210000":20164428,"240000":23044428,"270000":25924428,"30000":2884428,"300000":28804428,"60000":5764428,"90000":8644428}},"period-increase-gaussian":{"cs":{"180":48015755,"270":69185990,"360":90325638,"450"
:111490193,"540":132626833,"630":153788734,"720":174922690,"810":196082996,"90":26849688,"900":218261064},"pk":{"180":297836825,"270":376248605,"360":454660385,"450":633735461,"540":712147241,"630":790559021,"720"
:868970801,"810":947382581,"90":169093397,"900":1227120953},"vk":{"180":2898828,"270":2907468,"360":2916108,"450":2924748,"540":2933388,"630":2942028,"720":2950668,"810":2959308,"90":2890188,"900":2967948}},"perio
d-increase-proportional":{"cs":{"180":48023845,"270":69202125,"360":90343979,"450":111507286,"540":132640890,"630":153797633,"720":174921602,"810":196071636,"90":26854439,"900":218324885},"pk":{"180":297836825,"27
0":376248605,"360":454660385,"450":633735461,"540":712147241,"630":790559021,"720":868970801,"810":947382581,"90":169093397,"900":1227120953},"vk":{"180":2898828,"270":2907468,"360":2916108,"450":2924748,"540":293
3388,"630":2942028,"720":2950668,"810":2959308,"90":2890188,"900":2967948}},"period-increase-uniform":{"cs":{"180":48023323,"270":69207936,"360":90371864,"450":111465737,"540":132607581,"630":153781688,"720":17492
4992,"810":196095541,"90":26851622,"900":218422332},"pk":{"180":297836825,"270":376248605,"360":454660385,"450":633735461,"540":712147241,"630":790559021,"720":868970801,"810":947382581,"90":169093397,"900":122712
0953},"vk":{"180":2898828,"270":2907468,"360":2916108,"450":2924748,"540":2933388,"630":2942028,"720":2950668,"810":2959308,"90":2890188,"900":2967948}},"sess-increase-gaussian":{"cs":{"10":23804853,"20":45913537,
"30":68005961,"40":90115601,"50":112739733,"60":137228781},"pk":{"10":172056077,"20":332862125,"30":543999821,"40":654474221,"50":966275213,"60":1076749613},"vk":{"10":2884428,"20":2884428,"30":2884428,"40":288442
8,"50":2884428,"60":2884428}},"sess-increase-proportional":{"cs":{"10":23802068,"100":239397982,"20":45921508,"30":68022944,"40":90142312,"50":112896542,"60":137995010,"70":163235444,"80":188558303,"90":213943352}
,"pk":{"10":172056077,"100":1921300397,"20":332862125,"30":543999821,"40":654474221,"50":966275213,"60":1076749613,"70":1187224013,"80":1297698413,"90":1408172813},"vk":{"10":2884428,"100":2884428,"20":2884428,"30
":2884428,"40":2884428,"50":2884428,"60":2884428,"70":2884428,"80":2884428,"90":2884428}},"sess-increase-uniform":{"cs":{"10":23789336,"100":243784560,"20":45912732,"30":68013244,"40":90136712,"50":113131068,"60":
139248096,"70":165387868,"80":191527560,"90":217644684},"pk":{"10":172056077,"100":1921300397,"20":332862125,"30":543999821,"40":654474221,"50":966275213,"60":1076749613,"70":1187224013,"80":1297698413,"90":140817
2813},"vk":{"10":2884428,"100":2884428,"20":2884428,"30":2884428,"40":2884428,"50":2884428,"60":2884428,"70":2884428,"80":2884428,"90":2884428}}}
search key at ./update_verifier-sess-increase-gaussian--70.meta.json
compile skip
{"env":{"default":{"alpha":1,"baseNymNum":30000,"basePeriodNum":30,"beta":3}},"nym-increase-gaussian":{"cs":{"120000":28852754,"150000":34235104,"180000":39629781,"210000":45018242,"240000":50407252,"270000":55796
471,"30000":12750843,"300000":61186629,"60000":18115323,"90000":23478537},"pk":{"120000":280550525,"150000":318350525,"180000":356150525,"210000":494613821,"240000":532413821,"270000":570213821,"30000":91653053,"3
00000":608013821,"60000":154618877,"90000":192418877},"vk":{"120000":11524428,"150000":14404428,"180000":17284428,"210000":20164428,"240000":23044428,"270000":25924428,"30000":2884428,"300000":28804428,"60000":576
4428,"90000":8644428}},"nym-increase-proportional":{"cs":{"120000":28824802,"150000":34187261,"180000":39552525,"210000":44926029,"240000":50302888,"270000":55687278,"30000":12742254,"300000":61074760,"60000":1810
1052,"90000":23464293},"pk":{"120000":280550525,"150000":318350525,"180000":356150525,"210000":494613821,"240000":532413821,"270000":570213821,"30000":91653053,"300000":608013821,"60000":154618877,"90000":19241887
7},"vk":{"120000":11524428,"150000":14404428,"180000":17284428,"210000":20164428,"240000":23044428,"270000":25924428,"30000":2884428,"300000":28804428,"60000":5764428,"90000":8644428}},"nym-increase-uniform":{"cs"
:{"120000":28798284,"150000":34151725,"180000":39505042,"210000":44858406,"240000":50218322,"270000":55571839,"30000":12727422,"300000":60925167,"60000":18085970,"90000":23439747},"pk":{"120000":280550525,"150000"
:318350525,"180000":356150525,"210000":494613821,"240000":532413821,"270000":570213821,"30000":91653053,"300000":608013821,"60000":154618877,"90000":192418877},"vk":{"120000":11524428,"150000":14404428,"180000":17
284428,"210000":20164428,"240000":23044428,"270000":25924428,"30000":2884428,"300000":28804428,"60000":5764428,"90000":8644428}},"period-increase-gaussian":{"cs":{"180":48015755,"270":69185990,"360":90325638,"450"
:111490193,"540":132626833,"630":153788734,"720":174922690,"810":196082996,"90":26849688,"900":218261064},"pk":{"180":297836825,"270":376248605,"360":454660385,"450":633735461,"540":712147241,"630":790559021,"720"
:868970801,"810":947382581,"90":169093397,"900":1227120953},"vk":{"180":2898828,"270":2907468,"360":2916108,"450":2924748,"540":2933388,"630":2942028,"720":2950668,"810":2959308,"90":2890188,"900":2967948}},"perio
d-increase-proportional":{"cs":{"180":48023845,"270":69202125,"360":90343979,"450":111507286,"540":132640890,"630":153797633,"720":174921602,"810":196071636,"90":26854439,"900":218324885},"pk":{"180":297836825,"27
0":376248605,"360":454660385,"450":633735461,"540":712147241,"630":790559021,"720":868970801,"810":947382581,"90":169093397,"900":1227120953},"vk":{"180":2898828,"270":2907468,"360":2916108,"450":2924748,"540":293
3388,"630":2942028,"720":2950668,"810":2959308,"90":2890188,"900":2967948}},"period-increase-uniform":{"cs":{"180":48023323,"270":69207936,"360":90371864,"450":111465737,"540":132607581,"630":153781688,"720":17492
4992,"810":196095541,"90":26851622,"900":218422332},"pk":{"180":297836825,"270":376248605,"360":454660385,"450":633735461,"540":712147241,"630":790559021,"720":868970801,"810":947382581,"90":169093397,"900":122712
0953},"vk":{"180":2898828,"270":2907468,"360":2916108,"450":2924748,"540":2933388,"630":2942028,"720":2950668,"810":2959308,"90":2890188,"900":2967948}},"sess-increase-gaussian":{"cs":{"10":23804853,"20":45913537,
"30":68005961,"40":90115601,"50":112739733,"60":137228781,"70":161783723},"pk":{"10":172056077,"20":332862125,"30":543999821,"40":654474221,"50":966275213,"60":1076749613,"70":1187224013},"vk":{"10":2884428,"20":2
884428,"30":2884428,"40":2884428,"50":2884428,"60":2884428,"70":2884428}},"sess-increase-proportional":{"cs":{"10":23802068,"100":239397982,"20":45921508,"30":68022944,"40":90142312,"50":112896542,"60":137995010,"
70":163235444,"80":188558303,"90":213943352},"pk":{"10":172056077,"100":1921300397,"20":332862125,"30":543999821,"40":654474221,"50":966275213,"60":1076749613,"70":1187224013,"80":1297698413,"90":1408172813},"vk":
{"10":2884428,"100":2884428,"20":2884428,"30":2884428,"40":2884428,"50":2884428,"60":2884428,"70":2884428,"80":2884428,"90":2884428}},"sess-increase-uniform":{"cs":{"10":23789336,"100":243784560,"20":45912732,"30"
:68013244,"40":90136712,"50":113131068,"60":139248096,"70":165387868,"80":191527560,"90":217644684},"pk":{"10":172056077,"100":1921300397,"20":332862125,"30":543999821,"40":654474221,"50":966275213,"60":1076749613
,"70":1187224013,"80":1297698413,"90":1408172813},"vk":{"10":2884428,"100":2884428,"20":2884428,"30":2884428,"40":2884428,"50":2884428,"60":2884428,"70":2884428,"80":2884428,"90":2884428}}}
search key at ./update_verifier-sess-increase-gaussian--80.meta.json
compile skip
{"env":{"default":{"alpha":1,"baseNymNum":30000,"basePeriodNum":30,"beta":3}},"nym-increase-gaussian":{"cs":{"120000":28852754,"150000":34235104,"180000":39629781,"210000":45018242,"240000":50407252,"270000":55796
471,"30000":12750843,"300000":61186629,"60000":18115323,"90000":23478537},"pk":{"120000":280550525,"150000":318350525,"180000":356150525,"210000":494613821,"240000":532413821,"270000":570213821,"30000":91653053,"3
00000":608013821,"60000":154618877,"90000":192418877},"vk":{"120000":11524428,"150000":14404428,"180000":17284428,"210000":20164428,"240000":23044428,"270000":25924428,"30000":2884428,"300000":28804428,"60000":576
4428,"90000":8644428}},"nym-increase-proportional":{"cs":{"120000":28824802,"150000":34187261,"180000":39552525,"210000":44926029,"240000":50302888,"270000":55687278,"30000":12742254,"300000":61074760,"60000":1810
1052,"90000":23464293},"pk":{"120000":280550525,"150000":318350525,"180000":356150525,"210000":494613821,"240000":532413821,"270000":570213821,"30000":91653053,"300000":608013821,"60000":154618877,"90000":19241887
7},"vk":{"120000":11524428,"150000":14404428,"180000":17284428,"210000":20164428,"240000":23044428,"270000":25924428,"30000":2884428,"300000":28804428,"60000":5764428,"90000":8644428}},"nym-increase-uniform":{"cs"
:{"120000":28798284,"150000":34151725,"180000":39505042,"210000":44858406,"240000":50218322,"270000":55571839,"30000":12727422,"300000":60925167,"60000":18085970,"90000":23439747},"pk":{"120000":280550525,"150000"
:318350525,"180000":356150525,"210000":494613821,"240000":532413821,"270000":570213821,"30000":91653053,"300000":608013821,"60000":154618877,"90000":192418877},"vk":{"120000":11524428,"150000":14404428,"180000":17
284428,"210000":20164428,"240000":23044428,"270000":25924428,"30000":2884428,"300000":28804428,"60000":5764428,"90000":8644428}},"period-increase-gaussian":{"cs":{"180":48015755,"270":69185990,"360":90325638,"450"
:111490193,"540":132626833,"630":153788734,"720":174922690,"810":196082996,"90":26849688,"900":218261064},"pk":{"180":297836825,"270":376248605,"360":454660385,"450":633735461,"540":712147241,"630":790559021,"720"
:868970801,"810":947382581,"90":169093397,"900":1227120953},"vk":{"180":2898828,"270":2907468,"360":2916108,"450":2924748,"540":2933388,"630":2942028,"720":2950668,"810":2959308,"90":2890188,"900":2967948}},"perio
d-increase-proportional":{"cs":{"180":48023845,"270":69202125,"360":90343979,"450":111507286,"540":132640890,"630":153797633,"720":174921602,"810":196071636,"90":26854439,"900":218324885},"pk":{"180":297836825,"27
0":376248605,"360":454660385,"450":633735461,"540":712147241,"630":790559021,"720":868970801,"810":947382581,"90":169093397,"900":1227120953},"vk":{"180":2898828,"270":2907468,"360":2916108,"450":2924748,"540":293
3388,"630":2942028,"720":2950668,"810":2959308,"90":2890188,"900":2967948}},"period-increase-uniform":{"cs":{"180":48023323,"270":69207936,"360":90371864,"450":111465737,"540":132607581,"630":153781688,"720":17492
4992,"810":196095541,"90":26851622,"900":218422332},"pk":{"180":297836825,"270":376248605,"360":454660385,"450":633735461,"540":712147241,"630":790559021,"720":868970801,"810":947382581,"90":169093397,"900":122712
0953},"vk":{"180":2898828,"270":2907468,"360":2916108,"450":2924748,"540":2933388,"630":2942028,"720":2950668,"810":2959308,"90":2890188,"900":2967948}},"sess-increase-gaussian":{"cs":{"10":23804853,"20":45913537,
"30":68005961,"40":90115601,"50":112739733,"60":137228781,"70":161783723,"80":186406829},"pk":{"10":172056077,"20":332862125,"30":543999821,"40":654474221,"50":966275213,"60":1076749613,"70":1187224013,"80":129769
8413},"vk":{"10":2884428,"20":2884428,"30":2884428,"40":2884428,"50":2884428,"60":2884428,"70":2884428,"80":2884428}},"sess-increase-proportional":{"cs":{"10":23802068,"100":239397982,"20":45921508,"30":68022944,"
40":90142312,"50":112896542,"60":137995010,"70":163235444,"80":188558303,"90":213943352},"pk":{"10":172056077,"100":1921300397,"20":332862125,"30":543999821,"40":654474221,"50":966275213,"60":1076749613,"70":11872
24013,"80":1297698413,"90":1408172813},"vk":{"10":2884428,"100":2884428,"20":2884428,"30":2884428,"40":2884428,"50":2884428,"60":2884428,"70":2884428,"80":2884428,"90":2884428}},"sess-increase-uniform":{"cs":{"10"
:23789336,"100":243784560,"20":45912732,"30":68013244,"40":90136712,"50":113131068,"60":139248096,"70":165387868,"80":191527560,"90":217644684},"pk":{"10":172056077,"100":1921300397,"20":332862125,"30":543999821,"
40":654474221,"50":966275213,"60":1076749613,"70":1187224013,"80":1297698413,"90":1408172813},"vk":{"10":2884428,"100":2884428,"20":2884428,"30":2884428,"40":2884428,"50":2884428,"60":2884428,"70":2884428,"80":288
4428,"90":2884428}}}
search key at ./update_verifier-sess-increase-gaussian--90.meta.json
compile skip
{"env":{"default":{"alpha":1,"baseNymNum":30000,"basePeriodNum":30,"beta":3}},"nym-increase-gaussian":{"cs":{"120000":28852754,"150000":34235104,"180000":39629781,"210000":45018242,"240000":50407252,"270000":55796
471,"30000":12750843,"300000":61186629,"60000":18115323,"90000":23478537},"pk":{"120000":280550525,"150000":318350525,"180000":356150525,"210000":494613821,"240000":532413821,"270000":570213821,"30000":91653053,"3
00000":608013821,"60000":154618877,"90000":192418877},"vk":{"120000":11524428,"150000":14404428,"180000":17284428,"210000":20164428,"240000":23044428,"270000":25924428,"30000":2884428,"300000":28804428,"60000":576
4428,"90000":8644428}},"nym-increase-proportional":{"cs":{"120000":28824802,"150000":34187261,"180000":39552525,"210000":44926029,"240000":50302888,"270000":55687278,"30000":12742254,"300000":61074760,"60000":1810
1052,"90000":23464293},"pk":{"120000":280550525,"150000":318350525,"180000":356150525,"210000":494613821,"240000":532413821,"270000":570213821,"30000":91653053,"300000":608013821,"60000":154618877,"90000":19241887
7},"vk":{"120000":11524428,"150000":14404428,"180000":17284428,"210000":20164428,"240000":23044428,"270000":25924428,"30000":2884428,"300000":28804428,"60000":5764428,"90000":8644428}},"nym-increase-uniform":{"cs"
:{"120000":28798284,"150000":34151725,"180000":39505042,"210000":44858406,"240000":50218322,"270000":55571839,"30000":12727422,"300000":60925167,"60000":18085970,"90000":23439747},"pk":{"120000":280550525,"150000"
:318350525,"180000":356150525,"210000":494613821,"240000":532413821,"270000":570213821,"30000":91653053,"300000":608013821,"60000":154618877,"90000":192418877},"vk":{"120000":11524428,"150000":14404428,"180000":17
284428,"210000":20164428,"240000":23044428,"270000":25924428,"30000":2884428,"300000":28804428,"60000":5764428,"90000":8644428}},"period-increase-gaussian":{"cs":{"180":48015755,"270":69185990,"360":90325638,"450"
:111490193,"540":132626833,"630":153788734,"720":174922690,"810":196082996,"90":26849688,"900":218261064},"pk":{"180":297836825,"270":376248605,"360":454660385,"450":633735461,"540":712147241,"630":790559021,"720"
:868970801,"810":947382581,"90":169093397,"900":1227120953},"vk":{"180":2898828,"270":2907468,"360":2916108,"450":2924748,"540":2933388,"630":2942028,"720":2950668,"810":2959308,"90":2890188,"900":2967948}},"perio
d-increase-proportional":{"cs":{"180":48023845,"270":69202125,"360":90343979,"450":111507286,"540":132640890,"630":153797633,"720":174921602,"810":196071636,"90":26854439,"900":218324885},"pk":{"180":297836825,"27
0":376248605,"360":454660385,"450":633735461,"540":712147241,"630":790559021,"720":868970801,"810":947382581,"90":169093397,"900":1227120953},"vk":{"180":2898828,"270":2907468,"360":2916108,"450":2924748,"540":293
3388,"630":2942028,"720":2950668,"810":2959308,"90":2890188,"900":2967948}},"period-increase-uniform":{"cs":{"180":48023323,"270":69207936,"360":90371864,"450":111465737,"540":132607581,"630":153781688,"720":17492
4992,"810":196095541,"90":26851622,"900":218422332},"pk":{"180":297836825,"270":376248605,"360":454660385,"450":633735461,"540":712147241,"630":790559021,"720":868970801,"810":947382581,"90":169093397,"900":122712
0953},"vk":{"180":2898828,"270":2907468,"360":2916108,"450":2924748,"540":2933388,"630":2942028,"720":2950668,"810":2959308,"90":2890188,"900":2967948}},"sess-increase-gaussian":{"cs":{"10":23804853,"20":45913537,
"30":68005961,"40":90115601,"50":112739733,"60":137228781,"70":161783723,"80":186406829,"90":211060805},"pk":{"10":172056077,"20":332862125,"30":543999821,"40":654474221,"50":966275213,"60":1076749613,"70":1187224
013,"80":1297698413,"90":1408172813},"vk":{"10":2884428,"20":2884428,"30":2884428,"40":2884428,"50":2884428,"60":2884428,"70":2884428,"80":2884428,"90":2884428}},"sess-increase-proportional":{"cs":{"10":23802068,"
100":239397982,"20":45921508,"30":68022944,"40":90142312,"50":112896542,"60":137995010,"70":163235444,"80":188558303,"90":213943352},"pk":{"10":172056077,"100":1921300397,"20":332862125,"30":543999821,"40":6544742
21,"50":966275213,"60":1076749613,"70":1187224013,"80":1297698413,"90":1408172813},"vk":{"10":2884428,"100":2884428,"20":2884428,"30":2884428,"40":2884428,"50":2884428,"60":2884428,"70":2884428,"80":2884428,"90":2
884428}},"sess-increase-uniform":{"cs":{"10":23789336,"100":243784560,"20":45912732,"30":68013244,"40":90136712,"50":113131068,"60":139248096,"70":165387868,"80":191527560,"90":217644684},"pk":{"10":172056077,"100
":1921300397,"20":332862125,"30":543999821,"40":654474221,"50":966275213,"60":1076749613,"70":1187224013,"80":1297698413,"90":1408172813},"vk":{"10":2884428,"100":2884428,"20":2884428,"30":2884428,"40":2884428,"50
":2884428,"60":2884428,"70":2884428,"80":2884428,"90":2884428}}}
search key at ./update_verifier-sess-increase-gaussian--100.meta.json
compile skip
{"env":{"default":{"alpha":1,"baseNymNum":30000,"basePeriodNum":30,"beta":3}},"nym-increase-gaussian":{"cs":{"120000":28852754,"150000":34235104,"180000":39629781,"210000":45018242,"240000":50407252,"270000":55796
471,"30000":12750843,"300000":61186629,"60000":18115323,"90000":23478537},"pk":{"120000":280550525,"150000":318350525,"180000":356150525,"210000":494613821,"240000":532413821,"270000":570213821,"30000":91653053,"3
00000":608013821,"60000":154618877,"90000":192418877},"vk":{"120000":11524428,"150000":14404428,"180000":17284428,"210000":20164428,"240000":23044428,"270000":25924428,"30000":2884428,"300000":28804428,"60000":576
4428,"90000":8644428}},"nym-increase-proportional":{"cs":{"120000":28824802,"150000":34187261,"180000":39552525,"210000":44926029,"240000":50302888,"270000":55687278,"30000":12742254,"300000":61074760,"60000":1810
1052,"90000":23464293},"pk":{"120000":280550525,"150000":318350525,"180000":356150525,"210000":494613821,"240000":532413821,"270000":570213821,"30000":91653053,"300000":608013821,"60000":154618877,"90000":19241887
7},"vk":{"120000":11524428,"150000":14404428,"180000":17284428,"210000":20164428,"240000":23044428,"270000":25924428,"30000":2884428,"300000":28804428,"60000":5764428,"90000":8644428}},"nym-increase-uniform":{"cs"
:{"120000":28798284,"150000":34151725,"180000":39505042,"210000":44858406,"240000":50218322,"270000":55571839,"30000":12727422,"300000":60925167,"60000":18085970,"90000":23439747},"pk":{"120000":280550525,"150000"
:318350525,"180000":356150525,"210000":494613821,"240000":532413821,"270000":570213821,"30000":91653053,"300000":608013821,"60000":154618877,"90000":192418877},"vk":{"120000":11524428,"150000":14404428,"180000":17
284428,"210000":20164428,"240000":23044428,"270000":25924428,"30000":2884428,"300000":28804428,"60000":5764428,"90000":8644428}},"period-increase-gaussian":{"cs":{"180":48015755,"270":69185990,"360":90325638,"450"
:111490193,"540":132626833,"630":153788734,"720":174922690,"810":196082996,"90":26849688,"900":218261064},"pk":{"180":297836825,"270":376248605,"360":454660385,"450":633735461,"540":712147241,"630":790559021,"720"
:868970801,"810":947382581,"90":169093397,"900":1227120953},"vk":{"180":2898828,"270":2907468,"360":2916108,"450":2924748,"540":2933388,"630":2942028,"720":2950668,"810":2959308,"90":2890188,"900":2967948}},"perio
d-increase-proportional":{"cs":{"180":48023845,"270":69202125,"360":90343979,"450":111507286,"540":132640890,"630":153797633,"720":174921602,"810":196071636,"90":26854439,"900":218324885},"pk":{"180":297836825,"27
0":376248605,"360":454660385,"450":633735461,"540":712147241,"630":790559021,"720":868970801,"810":947382581,"90":169093397,"900":1227120953},"vk":{"180":2898828,"270":2907468,"360":2916108,"450":2924748,"540":293
3388,"630":2942028,"720":2950668,"810":2959308,"90":2890188,"900":2967948}},"period-increase-uniform":{"cs":{"180":48023323,"270":69207936,"360":90371864,"450":111465737,"540":132607581,"630":153781688,"720":17492
4992,"810":196095541,"90":26851622,"900":218422332},"pk":{"180":297836825,"270":376248605,"360":454660385,"450":633735461,"540":712147241,"630":790559021,"720":868970801,"810":947382581,"90":169093397,"900":122712
0953},"vk":{"180":2898828,"270":2907468,"360":2916108,"450":2924748,"540":2933388,"630":2942028,"720":2950668,"810":2959308,"90":2890188,"900":2967948}},"sess-increase-gaussian":{"cs":{"10":23804853,"100":23578748
1,"20":45913537,"30":68005961,"40":90115601,"50":112739733,"60":137228781,"70":161783723,"80":186406829,"90":211060805},"pk":{"10":172056077,"100":1921300397,"20":332862125,"30":543999821,"40":654474221,"50":96627
5213,"60":1076749613,"70":1187224013,"80":1297698413,"90":1408172813},"vk":{"10":2884428,"100":2884428,"20":2884428,"30":2884428,"40":2884428,"50":2884428,"60":2884428,"70":2884428,"80":2884428,"90":2884428}},"ses
s-increase-proportional":{"cs":{"10":23802068,"100":239397982,"20":45921508,"30":68022944,"40":90142312,"50":112896542,"60":137995010,"70":163235444,"80":188558303,"90":213943352},"pk":{"10":172056077,"100":192130
0397,"20":332862125,"30":543999821,"40":654474221,"50":966275213,"60":1076749613,"70":1187224013,"80":1297698413,"90":1408172813},"vk":{"10":2884428,"100":2884428,"20":2884428,"30":2884428,"40":2884428,"50":288442
8,"60":2884428,"70":2884428,"80":2884428,"90":2884428}},"sess-increase-uniform":{"cs":{"10":23789336,"100":243784560,"20":45912732,"30":68013244,"40":90136712,"50":113131068,"60":139248096,"70":165387868,"80":1915
27560,"90":217644684},"pk":{"10":172056077,"100":1921300397,"20":332862125,"30":543999821,"40":654474221,"50":966275213,"60":1076749613,"70":1187224013,"80":1297698413,"90":1408172813},"vk":{"10":2884428,"100":288
4428,"20":2884428,"30":2884428,"40":2884428,"50":2884428,"60":2884428,"70":2884428,"80":2884428,"90":2884428}}}
{"env":{"default":{"alpha":1,"baseNymNum":30000,"basePeriodNum":30,"beta":3}},"nym-increase-gaussian":{"cs":{"120000":28852754,"150000":34235104,"180000":39629781,"210000":45018242,"240000":50407252,"270000":55796
471,"30000":12750843,"300000":61186629,"60000":18115323,"90000":23478537},"pk":{"120000":280550525,"150000":318350525,"180000":356150525,"210000":494613821,"240000":532413821,"270000":570213821,"30000":91653053,"3
00000":608013821,"60000":154618877,"90000":192418877},"vk":{"120000":11524428,"150000":14404428,"180000":17284428,"210000":20164428,"240000":23044428,"270000":25924428,"30000":2884428,"300000":28804428,"60000":576
4428,"90000":8644428}},"nym-increase-proportional":{"cs":{"120000":28824802,"150000":34187261,"180000":39552525,"210000":44926029,"240000":50302888,"270000":55687278,"30000":12742254,"300000":61074760,"60000":1810
1052,"90000":23464293},"pk":{"120000":280550525,"150000":318350525,"180000":356150525,"210000":494613821,"240000":532413821,"270000":570213821,"30000":91653053,"300000":608013821,"60000":154618877,"90000":19241887
7},"vk":{"120000":11524428,"150000":14404428,"180000":17284428,"210000":20164428,"240000":23044428,"270000":25924428,"30000":2884428,"300000":28804428,"60000":5764428,"90000":8644428}},"nym-increase-uniform":{"cs"
:{"120000":28798284,"150000":34151725,"180000":39505042,"210000":44858406,"240000":50218322,"270000":55571839,"30000":12727422,"300000":60925167,"60000":18085970,"90000":23439747},"pk":{"120000":280550525,"150000"
:318350525,"180000":356150525,"210000":494613821,"240000":532413821,"270000":570213821,"30000":91653053,"300000":608013821,"60000":154618877,"90000":192418877},"vk":{"120000":11524428,"150000":14404428,"180000":17
284428,"210000":20164428,"240000":23044428,"270000":25924428,"30000":2884428,"300000":28804428,"60000":5764428,"90000":8644428}},"period-increase-gaussian":{"cs":{"180":48015755,"270":69185990,"360":90325638,"450"
:111490193,"540":132626833,"630":153788734,"720":174922690,"810":196082996,"90":26849688,"900":218261064},"pk":{"180":297836825,"270":376248605,"360":454660385,"450":633735461,"540":712147241,"630":790559021,"720"
:868970801,"810":947382581,"90":169093397,"900":1227120953},"vk":{"180":2898828,"270":2907468,"360":2916108,"450":2924748,"540":2933388,"630":2942028,"720":2950668,"810":2959308,"90":2890188,"900":2967948}},"perio
d-increase-proportional":{"cs":{"180":48023845,"270":69202125,"360":90343979,"450":111507286,"540":132640890,"630":153797633,"720":174921602,"810":196071636,"90":26854439,"900":218324885},"pk":{"180":297836825,"27
0":376248605,"360":454660385,"450":633735461,"540":712147241,"630":790559021,"720":868970801,"810":947382581,"90":169093397,"900":1227120953},"vk":{"180":2898828,"270":2907468,"360":2916108,"450":2924748,"540":293
3388,"630":2942028,"720":2950668,"810":2959308,"90":2890188,"900":2967948}},"period-increase-uniform":{"cs":{"180":48023323,"270":69207936,"360":90371864,"450":111465737,"540":132607581,"630":153781688,"720":17492
4992,"810":196095541,"90":26851622,"900":218422332},"pk":{"180":297836825,"270":376248605,"360":454660385,"450":633735461,"540":712147241,"630":790559021,"720":868970801,"810":947382581,"90":169093397,"900":122712
0953},"vk":{"180":2898828,"270":2907468,"360":2916108,"450":2924748,"540":2933388,"630":2942028,"720":2950668,"810":2959308,"90":2890188,"900":2967948}},"sess-increase-gaussian":{"cs":{"10":23804853,"100":23578748
1,"20":45913537,"30":68005961,"40":90115601,"50":112739733,"60":137228781,"70":161783723,"80":186406829,"90":211060805},"pk":{"10":172056077,"100":1921300397,"20":332862125,"30":543999821,"40":654474221,"50":96627
5213,"60":1076749613,"70":1187224013,"80":1297698413,"90":1408172813},"vk":{"10":2884428,"100":2884428,"20":2884428,"30":2884428,"40":2884428,"50":2884428,"60":2884428,"70":2884428,"80":2884428,"90":2884428}},"ses
s-increase-proportional":{"cs":{"10":23802068,"100":239397982,"20":45921508,"30":68022944,"40":90142312,"50":112896542,"60":137995010,"70":163235444,"80":188558303,"90":213943352},"pk":{"10":172056077,"100":192130
0397,"20":332862125,"30":543999821,"40":654474221,"50":966275213,"60":1076749613,"70":1187224013,"80":1297698413,"90":1408172813},"vk":{"10":2884428,"100":2884428,"20":2884428,"30":2884428,"40":2884428,"50":288442
8,"60":2884428,"70":2884428,"80":2884428,"90":2884428}},"sess-increase-uniform":{"cs":{"10":23789336,"100":243784560,"20":45912732,"30":68013244,"40":90136712,"50":113131068,"60":139248096,"70":165387868,"80":1915
27560,"90":217644684},"pk":{"10":172056077,"100":1921300397,"20":332862125,"30":543999821,"40":654474221,"50":966275213,"60":1076749613,"70":1187224013,"80":1297698413,"90":1408172813},"vk":{"10":2884428,"100":288
4428,"20":2884428,"30":2884428,"40":2884428,"50":2884428,"60":2884428,"70":2884428,"80":2884428,"90":2884428}}}akama@nixos ~/Documents/zk-ban/bench bench/v0.0.2.1 @
